#,Time,%Passes,Change,Test,Pass,Partial,Fail,Untested,SessionNumber,SessionRunNumber,IsSuite,SuiteTests,PrerequisiteTests,ExtraCreditTests,TestScores,FailFromPreReq,
0,Wed Feb 23 10:14:13 EST 2022,0,0,A3SpecificStyleSuite, , ,A3ExpectedCalls+ A3ExpectedInterfaces+ A3ExpectedSignatures+ A3SpuriousCalls+ ,A3AccessModifiersMatched A3ConfigurationProvided A3InterfaceAsType A3MnemonicNames A3NamedConstants A3NoCheckstyleWarnings A3PublicMethodsOverride ClientFacebookMapReducePartialReduce ClientFacebookMapReduceQuit ClientSumPartialReduce ClientSumPartitionReduce ClientSumQuit ClientTokenCountPartialReduce ClientTokenCountPartition3Reduce ClientTokenCountQuit DistributedFacebookMapReducePartialReduce DistributedFacebookMapReduceQuit DistributedFacebookMapReduceResult DistributedSumPartialReduce DistributedSumQuit DistributedSumResult DistributedTokenCountPartialReduce DistributedTokenCountQuit DistributedTokenCountResult ,0,0,true,A3ExpectedCalls A3ExpectedInterfaces A3ExpectedSignatures A3SpuriousCalls , , ,A3ExpectedCalls-(0.0/20.0) A3ExpectedInterfaces-(0.0/5.0) A3ExpectedSignatures-(0.0/5.0) A3SpuriousCalls-(0.0/20.0) , ,
1,Wed Feb 23 10:14:14 EST 2022,0,0,A3SpecificStyleSuite, , ,A3ExpectedCalls A3ExpectedInterfaces A3ExpectedSignatures A3SpuriousCalls ,A3AccessModifiersMatched A3ConfigurationProvided A3InterfaceAsType A3MnemonicNames A3NamedConstants A3NoCheckstyleWarnings A3PublicMethodsOverride ClientFacebookMapReducePartialReduce ClientFacebookMapReduceQuit ClientSumPartialReduce ClientSumPartitionReduce ClientSumQuit ClientTokenCountPartialReduce ClientTokenCountPartition3Reduce ClientTokenCountQuit DistributedFacebookMapReducePartialReduce DistributedFacebookMapReduceQuit DistributedFacebookMapReduceResult DistributedSumPartialReduce DistributedSumQuit DistributedSumResult DistributedTokenCountPartialReduce DistributedTokenCountQuit DistributedTokenCountResult ,0,1,true,A3ExpectedCalls A3ExpectedInterfaces A3ExpectedSignatures A3SpuriousCalls , , ,A3ExpectedCalls-(0.0/20.0) A3ExpectedInterfaces-(0.0/5.0) A3ExpectedSignatures-(0.0/5.0) A3SpuriousCalls-(0.0/20.0) , ,
2,Wed Feb 23 10:15:23 EST 2022,3,3,A3SpecificStyleSuite,A3SpuriousCalls+ , ,A3ExpectedCalls A3ExpectedInterfaces A3ExpectedSignatures ,A3AccessModifiersMatched A3ConfigurationProvided A3InterfaceAsType A3MnemonicNames A3NamedConstants A3NoCheckstyleWarnings A3PublicMethodsOverride ClientFacebookMapReducePartialReduce ClientFacebookMapReduceQuit ClientSumPartialReduce ClientSumPartitionReduce ClientSumQuit ClientTokenCountPartialReduce ClientTokenCountPartition3Reduce ClientTokenCountQuit DistributedFacebookMapReducePartialReduce DistributedFacebookMapReduceQuit DistributedFacebookMapReduceResult DistributedSumPartialReduce DistributedSumQuit DistributedSumResult DistributedTokenCountPartialReduce DistributedTokenCountQuit DistributedTokenCountResult ,1,0,true,A3ExpectedCalls A3ExpectedInterfaces A3ExpectedSignatures A3SpuriousCalls , , ,A3ExpectedCalls-(0.0/20.0) A3ExpectedInterfaces-(0.0/5.0) A3ExpectedSignatures-(0.0/5.0) A3SpuriousCalls-(20.0/20.0) , ,
3,Wed Feb 23 10:15:27 EST 2022,3,0,A3SpecificStyleSuite,A3SpuriousCalls , ,A3ExpectedCalls A3ExpectedInterfaces A3ExpectedSignatures ,A3AccessModifiersMatched A3ConfigurationProvided A3InterfaceAsType A3MnemonicNames A3NamedConstants A3NoCheckstyleWarnings A3PublicMethodsOverride ClientFacebookMapReducePartialReduce ClientFacebookMapReduceQuit ClientSumPartialReduce ClientSumPartitionReduce ClientSumQuit ClientTokenCountPartialReduce ClientTokenCountPartition3Reduce ClientTokenCountQuit DistributedFacebookMapReducePartialReduce DistributedFacebookMapReduceQuit DistributedFacebookMapReduceResult DistributedSumPartialReduce DistributedSumQuit DistributedSumResult DistributedTokenCountPartialReduce DistributedTokenCountQuit DistributedTokenCountResult ,1,1,true,A3ExpectedCalls A3ExpectedInterfaces A3ExpectedSignatures A3SpuriousCalls , , ,A3ExpectedCalls-(0.0/20.0) A3ExpectedInterfaces-(0.0/5.0) A3ExpectedSignatures-(0.0/5.0) A3SpuriousCalls-(20.0/20.0) , ,
4,Wed Feb 23 10:15:28 EST 2022,14,11,A3GeneralStyleSuite,A3InterfaceAsType+ A3MnemonicNames+ A3PublicMethodsOverride+ A3SpuriousCalls , ,A3AccessModifiersMatched+ A3ExpectedCalls A3ExpectedInterfaces A3ExpectedSignatures A3NamedConstants+ A3NoCheckstyleWarnings+ ,A3ConfigurationProvided ClientFacebookMapReducePartialReduce ClientFacebookMapReduceQuit ClientSumPartialReduce ClientSumPartitionReduce ClientSumQuit ClientTokenCountPartialReduce ClientTokenCountPartition3Reduce ClientTokenCountQuit DistributedFacebookMapReducePartialReduce DistributedFacebookMapReduceQuit DistributedFacebookMapReduceResult DistributedSumPartialReduce DistributedSumQuit DistributedSumResult DistributedTokenCountPartialReduce DistributedTokenCountQuit DistributedTokenCountResult ,1,2,true,A3AccessModifiersMatched A3InterfaceAsType A3MnemonicNames A3NamedConstants A3NoCheckstyleWarnings A3PublicMethodsOverride , ,A3AccessModifiersMatched A3MnemonicNames A3NoCheckstyleWarnings A3PublicMethodsOverride ,A3AccessModifiersMatched-(0.0/5.0) A3InterfaceAsType-(10.0/10.0) A3MnemonicNames-(15.0/15.0) A3NamedConstants-(0.0/1.0) A3NoCheckstyleWarnings-(0.0/20.0) A3PublicMethodsOverride-(10.0/10.0) , ,
5,Wed Feb 23 10:15:33 EST 2022,14,0,A3GeneralStyleSuite,A3InterfaceAsType A3MnemonicNames A3PublicMethodsOverride A3SpuriousCalls , ,A3AccessModifiersMatched A3ExpectedCalls A3ExpectedInterfaces A3ExpectedSignatures A3NamedConstants A3NoCheckstyleWarnings ,A3ConfigurationProvided ClientFacebookMapReducePartialReduce ClientFacebookMapReduceQuit ClientSumPartialReduce ClientSumPartitionReduce ClientSumQuit ClientTokenCountPartialReduce ClientTokenCountPartition3Reduce ClientTokenCountQuit DistributedFacebookMapReducePartialReduce DistributedFacebookMapReduceQuit DistributedFacebookMapReduceResult DistributedSumPartialReduce DistributedSumQuit DistributedSumResult DistributedTokenCountPartialReduce DistributedTokenCountQuit DistributedTokenCountResult ,1,3,true,A3AccessModifiersMatched A3InterfaceAsType A3MnemonicNames A3NamedConstants A3NoCheckstyleWarnings A3PublicMethodsOverride , ,A3AccessModifiersMatched A3MnemonicNames A3NoCheckstyleWarnings A3PublicMethodsOverride ,A3AccessModifiersMatched-(0.0/5.0) A3InterfaceAsType-(10.0/10.0) A3MnemonicNames-(15.0/15.0) A3NamedConstants-(0.0/1.0) A3NoCheckstyleWarnings-(0.0/20.0) A3PublicMethodsOverride-(10.0/10.0) , ,
6,Wed Feb 23 10:15:35 EST 2022,14,0,BasicDistributedFacebookMapReduce,A3InterfaceAsType A3MnemonicNames A3PublicMethodsOverride A3SpuriousCalls , ,A3AccessModifiersMatched A3ConfigurationProvided+ A3ExpectedCalls A3ExpectedInterfaces A3ExpectedSignatures A3NamedConstants A3NoCheckstyleWarnings ClientFacebookMapReducePartialReduce+ ClientFacebookMapReduceQuit+ DistributedFacebookMapReducePartialReduce+ DistributedFacebookMapReduceQuit+ DistributedFacebookMapReduceResult+ ,ClientSumPartialReduce ClientSumPartitionReduce ClientSumQuit ClientTokenCountPartialReduce ClientTokenCountPartition3Reduce ClientTokenCountQuit DistributedSumPartialReduce DistributedSumQuit DistributedSumResult DistributedTokenCountPartialReduce DistributedTokenCountQuit DistributedTokenCountResult ,1,4,true,ClientFacebookMapReducePartialReduce ClientFacebookMapReduceQuit DistributedFacebookMapReducePartialReduce DistributedFacebookMapReduceQuit DistributedFacebookMapReduceResult ,A3ConfigurationProvided ,ClientFacebookMapReducePartialReduce ClientFacebookMapReduceQuit DistributedFacebookMapReducePartialReduce DistributedFacebookMapReduceQuit DistributedFacebookMapReduceResult ,ClientFacebookMapReducePartialReduce-(0.0/10.0) ClientFacebookMapReduceQuit-(0.0/10.0) DistributedFacebookMapReducePartialReduce-(0.0/10.0) DistributedFacebookMapReduceQuit-(0.0/10.0) DistributedFacebookMapReduceResult-(0.0/10.0) , ,
7,Wed Feb 23 10:15:36 EST 2022,14,0,BasicDistributedFacebookMapReduce,A3InterfaceAsType A3MnemonicNames A3PublicMethodsOverride A3SpuriousCalls , ,A3AccessModifiersMatched A3ConfigurationProvided A3ExpectedCalls A3ExpectedInterfaces A3ExpectedSignatures A3NamedConstants A3NoCheckstyleWarnings ClientFacebookMapReducePartialReduce ClientFacebookMapReduceQuit DistributedFacebookMapReducePartialReduce DistributedFacebookMapReduceQuit DistributedFacebookMapReduceResult ,ClientSumPartialReduce ClientSumPartitionReduce ClientSumQuit ClientTokenCountPartialReduce ClientTokenCountPartition3Reduce ClientTokenCountQuit DistributedSumPartialReduce DistributedSumQuit DistributedSumResult DistributedTokenCountPartialReduce DistributedTokenCountQuit DistributedTokenCountResult ,1,5,true,ClientFacebookMapReducePartialReduce ClientFacebookMapReduceQuit DistributedFacebookMapReducePartialReduce DistributedFacebookMapReduceQuit DistributedFacebookMapReduceResult , ,ClientFacebookMapReducePartialReduce ClientFacebookMapReduceQuit DistributedFacebookMapReducePartialReduce DistributedFacebookMapReduceQuit DistributedFacebookMapReduceResult ,ClientFacebookMapReducePartialReduce-(0.0/10.0) ClientFacebookMapReduceQuit-(0.0/10.0) DistributedFacebookMapReducePartialReduce-(0.0/10.0) DistributedFacebookMapReduceQuit-(0.0/10.0) DistributedFacebookMapReduceResult-(0.0/10.0) , ,
8,Wed Feb 23 10:15:38 EST 2022,14,0,DistributedPartitionedReduce,A3InterfaceAsType A3MnemonicNames A3PublicMethodsOverride A3SpuriousCalls , ,A3AccessModifiersMatched A3ConfigurationProvided A3ExpectedCalls A3ExpectedInterfaces A3ExpectedSignatures A3NamedConstants A3NoCheckstyleWarnings ClientFacebookMapReducePartialReduce ClientFacebookMapReduceQuit ClientSumPartitionReduce+ ClientTokenCountPartition3Reduce+ DistributedFacebookMapReducePartialReduce DistributedFacebookMapReduceQuit DistributedFacebookMapReduceResult DistributedSumResult+ DistributedTokenCountResult+ ,ClientSumPartialReduce ClientSumQuit ClientTokenCountPartialReduce ClientTokenCountQuit DistributedSumPartialReduce DistributedSumQuit DistributedTokenCountPartialReduce DistributedTokenCountQuit ,1,6,true,ClientSumPartitionReduce ClientTokenCountPartition3Reduce ,DistributedSumResult DistributedTokenCountResult , ,ClientSumPartitionReduce-(0.0/10.0) ClientTokenCountPartition3Reduce-(0.0/30.0) , ,
9,Wed Feb 23 10:15:45 EST 2022,14,0,DistributedPartitionedReduce,A3InterfaceAsType A3MnemonicNames A3PublicMethodsOverride A3SpuriousCalls , ,A3AccessModifiersMatched A3ConfigurationProvided A3ExpectedCalls A3ExpectedInterfaces A3ExpectedSignatures A3NamedConstants A3NoCheckstyleWarnings ClientFacebookMapReducePartialReduce ClientFacebookMapReduceQuit ClientSumPartitionReduce ClientTokenCountPartition3Reduce DistributedFacebookMapReducePartialReduce DistributedFacebookMapReduceQuit DistributedFacebookMapReduceResult DistributedSumResult DistributedTokenCountResult ,ClientSumPartialReduce ClientSumQuit ClientTokenCountPartialReduce ClientTokenCountQuit DistributedSumPartialReduce DistributedSumQuit DistributedTokenCountPartialReduce DistributedTokenCountQuit ,1,7,true,ClientSumPartitionReduce ClientTokenCountPartition3Reduce , , ,ClientSumPartitionReduce-(0.0/10.0) ClientTokenCountPartition3Reduce-(0.0/30.0) , ,
10,Wed Feb 23 10:15:53 EST 2022,14,0,A3ConfigurationProvided,A3InterfaceAsType A3MnemonicNames A3PublicMethodsOverride A3SpuriousCalls , ,A3AccessModifiersMatched A3ConfigurationProvided A3ExpectedCalls A3ExpectedInterfaces A3ExpectedSignatures A3NamedConstants A3NoCheckstyleWarnings ClientFacebookMapReducePartialReduce ClientFacebookMapReduceQuit ClientSumPartitionReduce ClientTokenCountPartition3Reduce DistributedFacebookMapReducePartialReduce DistributedFacebookMapReduceQuit DistributedFacebookMapReduceResult DistributedSumResult DistributedTokenCountResult ,ClientSumPartialReduce ClientSumQuit ClientTokenCountPartialReduce ClientTokenCountQuit DistributedSumPartialReduce DistributedSumQuit DistributedTokenCountPartialReduce DistributedTokenCountQuit ,1,8,false, , , ,A3ConfigurationProvided-(0.0/10.0) , ,
11,Wed Feb 23 10:58:17 EST 2022,14,0,A3ConfigurationProvided,A3InterfaceAsType A3MnemonicNames A3PublicMethodsOverride A3SpuriousCalls , ,A3AccessModifiersMatched A3ConfigurationProvided A3ExpectedCalls A3ExpectedInterfaces A3ExpectedSignatures A3NamedConstants A3NoCheckstyleWarnings ClientFacebookMapReducePartialReduce ClientFacebookMapReduceQuit ClientSumPartitionReduce ClientTokenCountPartition3Reduce DistributedFacebookMapReducePartialReduce DistributedFacebookMapReduceQuit DistributedFacebookMapReduceResult DistributedSumResult DistributedTokenCountResult ,ClientSumPartialReduce ClientSumQuit ClientTokenCountPartialReduce ClientTokenCountQuit DistributedSumPartialReduce DistributedSumQuit DistributedTokenCountPartialReduce DistributedTokenCountQuit ,2,0,false, , , ,A3ConfigurationProvided-(0.0/10.0) , ,
12,Thu Feb 24 11:14:14 EST 2022,17,3,A3SpecificStyleSuite,A3ExpectedSignatures+ A3InterfaceAsType A3MnemonicNames A3PublicMethodsOverride A3SpuriousCalls ,A3ExpectedCalls+ A3ExpectedInterfaces+ ,A3AccessModifiersMatched A3ConfigurationProvided A3NamedConstants A3NoCheckstyleWarnings ClientFacebookMapReducePartialReduce ClientFacebookMapReduceQuit ClientSumPartitionReduce ClientTokenCountPartition3Reduce DistributedFacebookMapReducePartialReduce DistributedFacebookMapReduceQuit DistributedFacebookMapReduceResult DistributedSumResult DistributedTokenCountResult ,ClientSumPartialReduce ClientSumQuit ClientTokenCountPartialReduce ClientTokenCountQuit DistributedSumPartialReduce DistributedSumQuit DistributedTokenCountPartialReduce DistributedTokenCountQuit ,3,0,true,A3ExpectedCalls A3ExpectedInterfaces A3ExpectedSignatures A3SpuriousCalls , , ,A3ExpectedCalls-(8.0/20.0) A3ExpectedInterfaces-(2.5/5.0) A3ExpectedSignatures-(5.0/5.0) A3SpuriousCalls-(20.0/20.0) , ,
13,Thu Feb 24 11:14:17 EST 2022,17,0,A3ExpectedCalls,A3ExpectedSignatures A3InterfaceAsType A3MnemonicNames A3PublicMethodsOverride A3SpuriousCalls ,A3ExpectedCalls A3ExpectedInterfaces ,A3AccessModifiersMatched A3ConfigurationProvided A3NamedConstants A3NoCheckstyleWarnings ClientFacebookMapReducePartialReduce ClientFacebookMapReduceQuit ClientSumPartitionReduce ClientTokenCountPartition3Reduce DistributedFacebookMapReducePartialReduce DistributedFacebookMapReduceQuit DistributedFacebookMapReduceResult DistributedSumResult DistributedTokenCountResult ,ClientSumPartialReduce ClientSumQuit ClientTokenCountPartialReduce ClientTokenCountQuit DistributedSumPartialReduce DistributedSumQuit DistributedTokenCountPartialReduce DistributedTokenCountQuit ,3,1,false, , , ,A3ExpectedCalls-(8.0/20.0) , ,
14,Thu Feb 24 11:14:35 EST 2022,17,0,A3ExpectedInterfaces,A3ExpectedSignatures A3InterfaceAsType A3MnemonicNames A3PublicMethodsOverride A3SpuriousCalls ,A3ExpectedCalls A3ExpectedInterfaces ,A3AccessModifiersMatched A3ConfigurationProvided A3NamedConstants A3NoCheckstyleWarnings ClientFacebookMapReducePartialReduce ClientFacebookMapReduceQuit ClientSumPartitionReduce ClientTokenCountPartition3Reduce DistributedFacebookMapReducePartialReduce DistributedFacebookMapReduceQuit DistributedFacebookMapReduceResult DistributedSumResult DistributedTokenCountResult ,ClientSumPartialReduce ClientSumQuit ClientTokenCountPartialReduce ClientTokenCountQuit DistributedSumPartialReduce DistributedSumQuit DistributedTokenCountPartialReduce DistributedTokenCountQuit ,3,2,false, , , ,A3ExpectedInterfaces-(2.5/5.0) , ,
15,Thu Feb 24 11:14:41 EST 2022,17,0,A3SpecificStyleSuite,A3ExpectedSignatures A3InterfaceAsType A3MnemonicNames A3PublicMethodsOverride A3SpuriousCalls ,A3ExpectedCalls A3ExpectedInterfaces ,A3AccessModifiersMatched A3ConfigurationProvided A3NamedConstants A3NoCheckstyleWarnings ClientFacebookMapReducePartialReduce ClientFacebookMapReduceQuit ClientSumPartitionReduce ClientTokenCountPartition3Reduce DistributedFacebookMapReducePartialReduce DistributedFacebookMapReduceQuit DistributedFacebookMapReduceResult DistributedSumResult DistributedTokenCountResult ,ClientSumPartialReduce ClientSumQuit ClientTokenCountPartialReduce ClientTokenCountQuit DistributedSumPartialReduce DistributedSumQuit DistributedTokenCountPartialReduce DistributedTokenCountQuit ,3,3,true,A3ExpectedCalls A3ExpectedInterfaces A3ExpectedSignatures A3SpuriousCalls , , ,A3ExpectedCalls-(8.0/20.0) A3ExpectedInterfaces-(2.5/5.0) A3ExpectedSignatures-(5.0/5.0) A3SpuriousCalls-(20.0/20.0) , ,
16,Thu Feb 24 11:14:43 EST 2022,14,-3,A3GeneralStyleSuite,A3ExpectedSignatures A3NamedConstants+ A3PublicMethodsOverride A3SpuriousCalls ,A3ExpectedCalls A3ExpectedInterfaces A3InterfaceAsType- A3MnemonicNames- ,A3AccessModifiersMatched A3ConfigurationProvided A3NoCheckstyleWarnings ClientFacebookMapReducePartialReduce ClientFacebookMapReduceQuit ClientSumPartitionReduce ClientTokenCountPartition3Reduce DistributedFacebookMapReducePartialReduce DistributedFacebookMapReduceQuit DistributedFacebookMapReduceResult DistributedSumResult DistributedTokenCountResult ,ClientSumPartialReduce ClientSumQuit ClientTokenCountPartialReduce ClientTokenCountQuit DistributedSumPartialReduce DistributedSumQuit DistributedTokenCountPartialReduce DistributedTokenCountQuit ,3,4,true,A3AccessModifiersMatched A3InterfaceAsType A3MnemonicNames A3NamedConstants A3NoCheckstyleWarnings A3PublicMethodsOverride , ,A3AccessModifiersMatched A3MnemonicNames A3NoCheckstyleWarnings A3PublicMethodsOverride ,A3AccessModifiersMatched-(0.0/5.0) A3InterfaceAsType-(9.7/10.0) A3MnemonicNames-(15.0/15.0) A3NamedConstants-(1.0/1.0) A3NoCheckstyleWarnings-(0.0/20.0) A3PublicMethodsOverride-(10.0/10.0) , ,
17,Thu Feb 24 11:14:59 EST 2022,14,0,A3GeneralStyleSuite,A3ExpectedSignatures A3NamedConstants A3PublicMethodsOverride A3SpuriousCalls ,A3ExpectedCalls A3ExpectedInterfaces A3InterfaceAsType A3MnemonicNames ,A3AccessModifiersMatched A3ConfigurationProvided A3NoCheckstyleWarnings ClientFacebookMapReducePartialReduce ClientFacebookMapReduceQuit ClientSumPartitionReduce ClientTokenCountPartition3Reduce DistributedFacebookMapReducePartialReduce DistributedFacebookMapReduceQuit DistributedFacebookMapReduceResult DistributedSumResult DistributedTokenCountResult ,ClientSumPartialReduce ClientSumQuit ClientTokenCountPartialReduce ClientTokenCountQuit DistributedSumPartialReduce DistributedSumQuit DistributedTokenCountPartialReduce DistributedTokenCountQuit ,3,5,true,A3AccessModifiersMatched A3InterfaceAsType A3MnemonicNames A3NamedConstants A3NoCheckstyleWarnings A3PublicMethodsOverride , ,A3AccessModifiersMatched A3MnemonicNames A3NoCheckstyleWarnings A3PublicMethodsOverride ,A3AccessModifiersMatched-(0.0/5.0) A3InterfaceAsType-(9.7/10.0) A3MnemonicNames-(15.0/15.0) A3NamedConstants-(1.0/1.0) A3NoCheckstyleWarnings-(0.0/20.0) A3PublicMethodsOverride-(10.0/10.0) , ,
18,Thu Feb 24 11:15:02 EST 2022,14,0,BasicDistributedFacebookMapReduce,A3ExpectedSignatures A3NamedConstants A3PublicMethodsOverride A3SpuriousCalls ,A3ExpectedCalls A3ExpectedInterfaces A3InterfaceAsType A3MnemonicNames ,A3AccessModifiersMatched A3ConfigurationProvided A3NoCheckstyleWarnings ClientFacebookMapReducePartialReduce ClientFacebookMapReduceQuit ClientSumPartitionReduce ClientTokenCountPartition3Reduce DistributedFacebookMapReducePartialReduce DistributedFacebookMapReduceQuit DistributedFacebookMapReduceResult DistributedSumResult DistributedTokenCountResult ,ClientSumPartialReduce ClientSumQuit ClientTokenCountPartialReduce ClientTokenCountQuit DistributedSumPartialReduce DistributedSumQuit DistributedTokenCountPartialReduce DistributedTokenCountQuit ,3,6,true,ClientFacebookMapReducePartialReduce ClientFacebookMapReduceQuit DistributedFacebookMapReducePartialReduce DistributedFacebookMapReduceQuit DistributedFacebookMapReduceResult ,A3ConfigurationProvided ,ClientFacebookMapReducePartialReduce ClientFacebookMapReduceQuit DistributedFacebookMapReducePartialReduce DistributedFacebookMapReduceQuit DistributedFacebookMapReduceResult ,ClientFacebookMapReducePartialReduce-(0.0/10.0) ClientFacebookMapReduceQuit-(0.0/10.0) DistributedFacebookMapReducePartialReduce-(0.0/10.0) DistributedFacebookMapReduceQuit-(0.0/10.0) DistributedFacebookMapReduceResult-(0.0/10.0) , ,
19,Thu Feb 24 11:15:03 EST 2022,14,0,BasicDistributedFacebookMapReduce,A3ExpectedSignatures A3NamedConstants A3PublicMethodsOverride A3SpuriousCalls ,A3ExpectedCalls A3ExpectedInterfaces A3InterfaceAsType A3MnemonicNames ,A3AccessModifiersMatched A3ConfigurationProvided A3NoCheckstyleWarnings ClientFacebookMapReducePartialReduce ClientFacebookMapReduceQuit ClientSumPartitionReduce ClientTokenCountPartition3Reduce DistributedFacebookMapReducePartialReduce DistributedFacebookMapReduceQuit DistributedFacebookMapReduceResult DistributedSumResult DistributedTokenCountResult ,ClientSumPartialReduce ClientSumQuit ClientTokenCountPartialReduce ClientTokenCountQuit DistributedSumPartialReduce DistributedSumQuit DistributedTokenCountPartialReduce DistributedTokenCountQuit ,3,7,true,ClientFacebookMapReducePartialReduce ClientFacebookMapReduceQuit DistributedFacebookMapReducePartialReduce DistributedFacebookMapReduceQuit DistributedFacebookMapReduceResult , ,ClientFacebookMapReducePartialReduce ClientFacebookMapReduceQuit DistributedFacebookMapReducePartialReduce DistributedFacebookMapReduceQuit DistributedFacebookMapReduceResult ,ClientFacebookMapReducePartialReduce-(0.0/10.0) ClientFacebookMapReduceQuit-(0.0/10.0) DistributedFacebookMapReducePartialReduce-(0.0/10.0) DistributedFacebookMapReduceQuit-(0.0/10.0) DistributedFacebookMapReduceResult-(0.0/10.0) , ,
20,Thu Feb 24 11:15:40 EST 2022,14,0,DistributedPartitionedReduce,A3ExpectedSignatures A3NamedConstants A3PublicMethodsOverride A3SpuriousCalls ,A3ExpectedCalls A3ExpectedInterfaces A3InterfaceAsType A3MnemonicNames ,A3AccessModifiersMatched A3ConfigurationProvided A3NoCheckstyleWarnings ClientFacebookMapReducePartialReduce ClientFacebookMapReduceQuit ClientSumPartitionReduce ClientTokenCountPartition3Reduce DistributedFacebookMapReducePartialReduce DistributedFacebookMapReduceQuit DistributedFacebookMapReduceResult DistributedSumResult DistributedTokenCountResult ,ClientSumPartialReduce ClientSumQuit ClientTokenCountPartialReduce ClientTokenCountQuit DistributedSumPartialReduce DistributedSumQuit DistributedTokenCountPartialReduce DistributedTokenCountQuit ,3,8,true,ClientSumPartitionReduce ClientTokenCountPartition3Reduce ,DistributedSumResult DistributedTokenCountResult , ,ClientSumPartitionReduce-(0.0/10.0) ClientTokenCountPartition3Reduce-(0.0/30.0) , ,
21,Thu Feb 24 11:15:40 EST 2022,14,0,DistributedPartitionedReduce,A3ExpectedSignatures A3NamedConstants A3PublicMethodsOverride A3SpuriousCalls ,A3ExpectedCalls A3ExpectedInterfaces A3InterfaceAsType A3MnemonicNames ,A3AccessModifiersMatched A3ConfigurationProvided A3NoCheckstyleWarnings ClientFacebookMapReducePartialReduce ClientFacebookMapReduceQuit ClientSumPartitionReduce ClientTokenCountPartition3Reduce DistributedFacebookMapReducePartialReduce DistributedFacebookMapReduceQuit DistributedFacebookMapReduceResult DistributedSumResult DistributedTokenCountResult ,ClientSumPartialReduce ClientSumQuit ClientTokenCountPartialReduce ClientTokenCountQuit DistributedSumPartialReduce DistributedSumQuit DistributedTokenCountPartialReduce DistributedTokenCountQuit ,3,9,true,ClientSumPartitionReduce ClientTokenCountPartition3Reduce , , ,ClientSumPartitionReduce-(0.0/10.0) ClientTokenCountPartition3Reduce-(0.0/30.0) , ,
22,Thu Feb 24 12:32:11 EST 2022,14,0,A3SpecificStyleSuite,A3ExpectedInterfaces+ A3NamedConstants A3PublicMethodsOverride A3SpuriousCalls ,A3ExpectedCalls A3ExpectedSignatures- A3InterfaceAsType A3MnemonicNames ,A3AccessModifiersMatched A3ConfigurationProvided A3NoCheckstyleWarnings ClientFacebookMapReducePartialReduce ClientFacebookMapReduceQuit ClientSumPartitionReduce ClientTokenCountPartition3Reduce DistributedFacebookMapReducePartialReduce DistributedFacebookMapReduceQuit DistributedFacebookMapReduceResult DistributedSumResult DistributedTokenCountResult ,ClientSumPartialReduce ClientSumQuit ClientTokenCountPartialReduce ClientTokenCountQuit DistributedSumPartialReduce DistributedSumQuit DistributedTokenCountPartialReduce DistributedTokenCountQuit ,4,0,true,A3ExpectedCalls A3ExpectedInterfaces A3ExpectedSignatures A3SpuriousCalls , , ,A3ExpectedCalls-(10.8/20.0) A3ExpectedInterfaces-(5.0/5.0) A3ExpectedSignatures-(3.0/5.0) A3SpuriousCalls-(20.0/20.0) , ,
23,Thu Feb 24 12:32:14 EST 2022,14,0,A3ExpectedCalls,A3ExpectedInterfaces A3NamedConstants A3PublicMethodsOverride A3SpuriousCalls ,A3ExpectedCalls A3ExpectedSignatures A3InterfaceAsType A3MnemonicNames ,A3AccessModifiersMatched A3ConfigurationProvided A3NoCheckstyleWarnings ClientFacebookMapReducePartialReduce ClientFacebookMapReduceQuit ClientSumPartitionReduce ClientTokenCountPartition3Reduce DistributedFacebookMapReducePartialReduce DistributedFacebookMapReduceQuit DistributedFacebookMapReduceResult DistributedSumResult DistributedTokenCountResult ,ClientSumPartialReduce ClientSumQuit ClientTokenCountPartialReduce ClientTokenCountQuit DistributedSumPartialReduce DistributedSumQuit DistributedTokenCountPartialReduce DistributedTokenCountQuit ,4,1,false, , , ,A3ExpectedCalls-(10.8/20.0) , ,
24,Thu Feb 24 12:32:23 EST 2022,14,0,A3ExpectedCalls,A3ExpectedInterfaces A3NamedConstants A3PublicMethodsOverride A3SpuriousCalls ,A3ExpectedCalls A3ExpectedSignatures A3InterfaceAsType A3MnemonicNames ,A3AccessModifiersMatched A3ConfigurationProvided A3NoCheckstyleWarnings ClientFacebookMapReducePartialReduce ClientFacebookMapReduceQuit ClientSumPartitionReduce ClientTokenCountPartition3Reduce DistributedFacebookMapReducePartialReduce DistributedFacebookMapReduceQuit DistributedFacebookMapReduceResult DistributedSumResult DistributedTokenCountResult ,ClientSumPartialReduce ClientSumQuit ClientTokenCountPartialReduce ClientTokenCountQuit DistributedSumPartialReduce DistributedSumQuit DistributedTokenCountPartialReduce DistributedTokenCountQuit ,4,2,false, , , ,A3ExpectedCalls-(10.8/20.0) , ,
25,Thu Feb 24 12:32:27 EST 2022,14,0,A3GeneralStyleSuite,A3ExpectedInterfaces A3NamedConstants A3PublicMethodsOverride A3SpuriousCalls ,A3ExpectedCalls A3ExpectedSignatures A3InterfaceAsType A3MnemonicNames ,A3AccessModifiersMatched A3ConfigurationProvided A3NoCheckstyleWarnings ClientFacebookMapReducePartialReduce ClientFacebookMapReduceQuit ClientSumPartitionReduce ClientTokenCountPartition3Reduce DistributedFacebookMapReducePartialReduce DistributedFacebookMapReduceQuit DistributedFacebookMapReduceResult DistributedSumResult DistributedTokenCountResult ,ClientSumPartialReduce ClientSumQuit ClientTokenCountPartialReduce ClientTokenCountQuit DistributedSumPartialReduce DistributedSumQuit DistributedTokenCountPartialReduce DistributedTokenCountQuit ,4,3,true,A3AccessModifiersMatched A3InterfaceAsType A3MnemonicNames A3NamedConstants A3NoCheckstyleWarnings A3PublicMethodsOverride , ,A3AccessModifiersMatched A3MnemonicNames A3NoCheckstyleWarnings A3PublicMethodsOverride ,A3AccessModifiersMatched-(0.0/5.0) A3InterfaceAsType-(9.7/10.0) A3MnemonicNames-(15.0/15.0) A3NamedConstants-(1.0/1.0) A3NoCheckstyleWarnings-(0.0/20.0) A3PublicMethodsOverride-(10.0/10.0) , ,
26,Thu Feb 24 12:32:30 EST 2022,14,0,A3GeneralStyleSuite,A3ExpectedInterfaces A3NamedConstants A3PublicMethodsOverride A3SpuriousCalls ,A3ExpectedCalls A3ExpectedSignatures A3InterfaceAsType A3MnemonicNames ,A3AccessModifiersMatched A3ConfigurationProvided A3NoCheckstyleWarnings ClientFacebookMapReducePartialReduce ClientFacebookMapReduceQuit ClientSumPartitionReduce ClientTokenCountPartition3Reduce DistributedFacebookMapReducePartialReduce DistributedFacebookMapReduceQuit DistributedFacebookMapReduceResult DistributedSumResult DistributedTokenCountResult ,ClientSumPartialReduce ClientSumQuit ClientTokenCountPartialReduce ClientTokenCountQuit DistributedSumPartialReduce DistributedSumQuit DistributedTokenCountPartialReduce DistributedTokenCountQuit ,4,4,true,A3AccessModifiersMatched A3InterfaceAsType A3MnemonicNames A3NamedConstants A3NoCheckstyleWarnings A3PublicMethodsOverride , ,A3AccessModifiersMatched A3MnemonicNames A3NoCheckstyleWarnings A3PublicMethodsOverride ,A3AccessModifiersMatched-(0.0/5.0) A3InterfaceAsType-(9.7/10.0) A3MnemonicNames-(15.0/15.0) A3NamedConstants-(1.0/1.0) A3NoCheckstyleWarnings-(0.0/20.0) A3PublicMethodsOverride-(10.0/10.0) , ,
27,Thu Feb 24 12:32:31 EST 2022,14,0,BasicDistributedFacebookMapReduce,A3ExpectedInterfaces A3NamedConstants A3PublicMethodsOverride A3SpuriousCalls ,A3ExpectedCalls A3ExpectedSignatures A3InterfaceAsType A3MnemonicNames ,A3AccessModifiersMatched A3ConfigurationProvided A3NoCheckstyleWarnings ClientFacebookMapReducePartialReduce ClientFacebookMapReduceQuit ClientSumPartitionReduce ClientTokenCountPartition3Reduce DistributedFacebookMapReducePartialReduce DistributedFacebookMapReduceQuit DistributedFacebookMapReduceResult DistributedSumResult DistributedTokenCountResult ,ClientSumPartialReduce ClientSumQuit ClientTokenCountPartialReduce ClientTokenCountQuit DistributedSumPartialReduce DistributedSumQuit DistributedTokenCountPartialReduce DistributedTokenCountQuit ,4,5,true,ClientFacebookMapReducePartialReduce ClientFacebookMapReduceQuit DistributedFacebookMapReducePartialReduce DistributedFacebookMapReduceQuit DistributedFacebookMapReduceResult ,A3ConfigurationProvided ,ClientFacebookMapReducePartialReduce ClientFacebookMapReduceQuit DistributedFacebookMapReducePartialReduce DistributedFacebookMapReduceQuit DistributedFacebookMapReduceResult ,ClientFacebookMapReducePartialReduce-(0.0/10.0) ClientFacebookMapReduceQuit-(0.0/10.0) DistributedFacebookMapReducePartialReduce-(0.0/10.0) DistributedFacebookMapReduceQuit-(0.0/10.0) DistributedFacebookMapReduceResult-(0.0/10.0) , ,
28,Thu Feb 24 12:32:33 EST 2022,14,0,BasicDistributedFacebookMapReduce,A3ExpectedInterfaces A3NamedConstants A3PublicMethodsOverride A3SpuriousCalls ,A3ExpectedCalls A3ExpectedSignatures A3InterfaceAsType A3MnemonicNames ,A3AccessModifiersMatched A3ConfigurationProvided A3NoCheckstyleWarnings ClientFacebookMapReducePartialReduce ClientFacebookMapReduceQuit ClientSumPartitionReduce ClientTokenCountPartition3Reduce DistributedFacebookMapReducePartialReduce DistributedFacebookMapReduceQuit DistributedFacebookMapReduceResult DistributedSumResult DistributedTokenCountResult ,ClientSumPartialReduce ClientSumQuit ClientTokenCountPartialReduce ClientTokenCountQuit DistributedSumPartialReduce DistributedSumQuit DistributedTokenCountPartialReduce DistributedTokenCountQuit ,4,6,true,ClientFacebookMapReducePartialReduce ClientFacebookMapReduceQuit DistributedFacebookMapReducePartialReduce DistributedFacebookMapReduceQuit DistributedFacebookMapReduceResult , ,ClientFacebookMapReducePartialReduce ClientFacebookMapReduceQuit DistributedFacebookMapReducePartialReduce DistributedFacebookMapReduceQuit DistributedFacebookMapReduceResult ,ClientFacebookMapReducePartialReduce-(0.0/10.0) ClientFacebookMapReduceQuit-(0.0/10.0) DistributedFacebookMapReducePartialReduce-(0.0/10.0) DistributedFacebookMapReduceQuit-(0.0/10.0) DistributedFacebookMapReduceResult-(0.0/10.0) , ,
29,Thu Feb 24 12:34:12 EST 2022,14,0,BasicDistributedCounts,A3ExpectedInterfaces A3NamedConstants A3PublicMethodsOverride A3SpuriousCalls ,A3ExpectedCalls A3ExpectedSignatures A3InterfaceAsType A3MnemonicNames ,A3AccessModifiersMatched A3ConfigurationProvided A3NoCheckstyleWarnings ClientFacebookMapReducePartialReduce ClientFacebookMapReduceQuit ClientSumPartitionReduce ClientTokenCountPartialReduce+ ClientTokenCountPartition3Reduce ClientTokenCountQuit+ DistributedFacebookMapReducePartialReduce DistributedFacebookMapReduceQuit DistributedFacebookMapReduceResult DistributedSumResult DistributedTokenCountPartialReduce+ DistributedTokenCountQuit+ DistributedTokenCountResult ,ClientSumPartialReduce ClientSumQuit DistributedSumPartialReduce DistributedSumQuit ,5,0,true,ClientTokenCountPartialReduce ClientTokenCountQuit DistributedTokenCountPartialReduce DistributedTokenCountQuit DistributedTokenCountResult ,A3ConfigurationProvided , ,ClientTokenCountPartialReduce-(0.0/15.0) ClientTokenCountQuit-(0.0/15.0) DistributedTokenCountPartialReduce-(0.0/15.0) DistributedTokenCountQuit-(0.0/15.0) DistributedTokenCountResult-(0.0/15.0) , ,
30,Thu Feb 24 12:49:06 EST 2022,14,0,DistributedPartitionedReduce,A3ExpectedInterfaces A3NamedConstants A3PublicMethodsOverride A3SpuriousCalls ,A3ExpectedCalls A3ExpectedSignatures A3InterfaceAsType A3MnemonicNames ,A3AccessModifiersMatched A3ConfigurationProvided A3NoCheckstyleWarnings ClientFacebookMapReducePartialReduce ClientFacebookMapReduceQuit ClientSumPartitionReduce ClientTokenCountPartialReduce ClientTokenCountPartition3Reduce ClientTokenCountQuit DistributedFacebookMapReducePartialReduce DistributedFacebookMapReduceQuit DistributedFacebookMapReduceResult DistributedSumResult DistributedTokenCountPartialReduce DistributedTokenCountQuit DistributedTokenCountResult ,ClientSumPartialReduce ClientSumQuit DistributedSumPartialReduce DistributedSumQuit ,6,0,true,ClientSumPartitionReduce ClientTokenCountPartition3Reduce ,A3ConfigurationProvided DistributedSumResult DistributedTokenCountResult , ,ClientSumPartitionReduce-(0.0/10.0) ClientTokenCountPartition3Reduce-(0.0/30.0) , ,
31,Thu Feb 24 13:10:47 EST 2022,14,0,BasicDistributedCounts,A3ExpectedInterfaces A3NamedConstants A3PublicMethodsOverride A3SpuriousCalls ,A3ExpectedCalls A3ExpectedSignatures A3InterfaceAsType A3MnemonicNames ,A3AccessModifiersMatched A3ConfigurationProvided A3NoCheckstyleWarnings ClientFacebookMapReducePartialReduce ClientFacebookMapReduceQuit ClientSumPartitionReduce ClientTokenCountPartialReduce ClientTokenCountPartition3Reduce ClientTokenCountQuit DistributedFacebookMapReducePartialReduce DistributedFacebookMapReduceQuit DistributedFacebookMapReduceResult DistributedSumResult DistributedTokenCountPartialReduce DistributedTokenCountQuit DistributedTokenCountResult ,ClientSumPartialReduce ClientSumQuit DistributedSumPartialReduce DistributedSumQuit ,7,0,true,ClientTokenCountPartialReduce ClientTokenCountQuit DistributedTokenCountPartialReduce DistributedTokenCountQuit DistributedTokenCountResult ,A3ConfigurationProvided , ,ClientTokenCountPartialReduce-(0.0/15.0) ClientTokenCountQuit-(0.0/15.0) DistributedTokenCountPartialReduce-(0.0/15.0) DistributedTokenCountQuit-(0.0/15.0) DistributedTokenCountResult-(0.0/15.0) , ,
32,Thu Feb 24 13:14:02 EST 2022,14,0,BasicDistributedCounts,A3ExpectedInterfaces A3NamedConstants A3PublicMethodsOverride A3SpuriousCalls ,A3ExpectedCalls A3ExpectedSignatures A3InterfaceAsType A3MnemonicNames ,A3AccessModifiersMatched A3ConfigurationProvided A3NoCheckstyleWarnings ClientFacebookMapReducePartialReduce ClientFacebookMapReduceQuit ClientSumPartitionReduce ClientTokenCountPartialReduce ClientTokenCountPartition3Reduce ClientTokenCountQuit DistributedFacebookMapReducePartialReduce DistributedFacebookMapReduceQuit DistributedFacebookMapReduceResult DistributedSumResult DistributedTokenCountPartialReduce DistributedTokenCountQuit DistributedTokenCountResult ,ClientSumPartialReduce ClientSumQuit DistributedSumPartialReduce DistributedSumQuit ,8,0,true,ClientTokenCountPartialReduce ClientTokenCountQuit DistributedTokenCountPartialReduce DistributedTokenCountQuit DistributedTokenCountResult ,A3ConfigurationProvided , ,ClientTokenCountPartialReduce-(0.0/15.0) ClientTokenCountQuit-(0.0/15.0) DistributedTokenCountPartialReduce-(0.0/15.0) DistributedTokenCountQuit-(0.0/15.0) DistributedTokenCountResult-(0.0/15.0) , ,
33,Thu Feb 24 13:19:58 EST 2022,14,0,BasicDistributedCounts,A3ExpectedInterfaces A3NamedConstants A3PublicMethodsOverride A3SpuriousCalls ,A3ExpectedCalls A3ExpectedSignatures A3InterfaceAsType A3MnemonicNames ,A3AccessModifiersMatched A3ConfigurationProvided A3NoCheckstyleWarnings ClientFacebookMapReducePartialReduce ClientFacebookMapReduceQuit ClientSumPartitionReduce ClientTokenCountPartialReduce ClientTokenCountPartition3Reduce ClientTokenCountQuit DistributedFacebookMapReducePartialReduce DistributedFacebookMapReduceQuit DistributedFacebookMapReduceResult DistributedSumResult DistributedTokenCountPartialReduce DistributedTokenCountQuit DistributedTokenCountResult ,ClientSumPartialReduce ClientSumQuit DistributedSumPartialReduce DistributedSumQuit ,9,0,true,ClientTokenCountPartialReduce ClientTokenCountQuit DistributedTokenCountPartialReduce DistributedTokenCountQuit DistributedTokenCountResult ,A3ConfigurationProvided , ,ClientTokenCountPartialReduce-(0.0/15.0) ClientTokenCountQuit-(0.0/15.0) DistributedTokenCountPartialReduce-(0.0/15.0) DistributedTokenCountQuit-(0.0/15.0) DistributedTokenCountResult-(0.0/15.0) , ,
34,Thu Feb 24 19:08:59 EST 2022,14,0,BasicDistributedCounts,A3ExpectedInterfaces A3NamedConstants A3PublicMethodsOverride A3SpuriousCalls ,A3ExpectedCalls A3ExpectedSignatures A3InterfaceAsType A3MnemonicNames ,A3AccessModifiersMatched A3ConfigurationProvided A3NoCheckstyleWarnings ClientFacebookMapReducePartialReduce ClientFacebookMapReduceQuit ClientSumPartitionReduce ClientTokenCountPartialReduce ClientTokenCountPartition3Reduce ClientTokenCountQuit DistributedFacebookMapReducePartialReduce DistributedFacebookMapReduceQuit DistributedFacebookMapReduceResult DistributedSumResult DistributedTokenCountPartialReduce DistributedTokenCountQuit DistributedTokenCountResult ,ClientSumPartialReduce ClientSumQuit DistributedSumPartialReduce DistributedSumQuit ,10,0,true,ClientTokenCountPartialReduce ClientTokenCountQuit DistributedTokenCountPartialReduce DistributedTokenCountQuit DistributedTokenCountResult ,A3ConfigurationProvided , ,ClientTokenCountPartialReduce-(0.0/15.0) ClientTokenCountQuit-(0.0/15.0) DistributedTokenCountPartialReduce-(0.0/15.0) DistributedTokenCountQuit-(0.0/15.0) DistributedTokenCountResult-(0.0/15.0) , ,
35,Thu Feb 24 20:01:01 EST 2022,14,0,BasicDistributedCounts,A3ExpectedInterfaces A3NamedConstants A3PublicMethodsOverride A3SpuriousCalls ,A3ExpectedCalls A3ExpectedSignatures A3InterfaceAsType A3MnemonicNames ,A3AccessModifiersMatched A3ConfigurationProvided A3NoCheckstyleWarnings ClientFacebookMapReducePartialReduce ClientFacebookMapReduceQuit ClientSumPartitionReduce ClientTokenCountPartialReduce ClientTokenCountPartition3Reduce ClientTokenCountQuit DistributedFacebookMapReducePartialReduce DistributedFacebookMapReduceQuit DistributedFacebookMapReduceResult DistributedSumResult DistributedTokenCountPartialReduce DistributedTokenCountQuit DistributedTokenCountResult ,ClientSumPartialReduce ClientSumQuit DistributedSumPartialReduce DistributedSumQuit ,11,0,true,ClientTokenCountPartialReduce ClientTokenCountQuit DistributedTokenCountPartialReduce DistributedTokenCountQuit DistributedTokenCountResult ,A3ConfigurationProvided , ,ClientTokenCountPartialReduce-(0.0/15.0) ClientTokenCountQuit-(0.0/15.0) DistributedTokenCountPartialReduce-(0.0/15.0) DistributedTokenCountQuit-(0.0/15.0) DistributedTokenCountResult-(0.0/15.0) , ,
36,Thu Feb 24 23:31:07 EST 2022,14,0,A3SpecificStyleSuite,A3ExpectedInterfaces A3NamedConstants A3PublicMethodsOverride A3SpuriousCalls ,A3ExpectedCalls A3ExpectedSignatures A3InterfaceAsType A3MnemonicNames ,A3AccessModifiersMatched A3ConfigurationProvided A3NoCheckstyleWarnings ClientFacebookMapReducePartialReduce ClientFacebookMapReduceQuit ClientSumPartitionReduce ClientTokenCountPartialReduce ClientTokenCountPartition3Reduce ClientTokenCountQuit DistributedFacebookMapReducePartialReduce DistributedFacebookMapReduceQuit DistributedFacebookMapReduceResult DistributedSumResult DistributedTokenCountPartialReduce DistributedTokenCountQuit DistributedTokenCountResult ,ClientSumPartialReduce ClientSumQuit DistributedSumPartialReduce DistributedSumQuit ,12,0,true,A3ExpectedCalls A3ExpectedInterfaces A3ExpectedSignatures A3SpuriousCalls , , ,A3ExpectedCalls-(13.3/20.0) A3ExpectedInterfaces-(5.0/5.0) A3ExpectedSignatures-(3.0/5.0) A3SpuriousCalls-(20.0/20.0) , ,
37,Thu Feb 24 23:31:11 EST 2022,14,0,A3ExpectedCalls,A3ExpectedInterfaces A3NamedConstants A3PublicMethodsOverride A3SpuriousCalls ,A3ExpectedCalls A3ExpectedSignatures A3InterfaceAsType A3MnemonicNames ,A3AccessModifiersMatched A3ConfigurationProvided A3NoCheckstyleWarnings ClientFacebookMapReducePartialReduce ClientFacebookMapReduceQuit ClientSumPartitionReduce ClientTokenCountPartialReduce ClientTokenCountPartition3Reduce ClientTokenCountQuit DistributedFacebookMapReducePartialReduce DistributedFacebookMapReduceQuit DistributedFacebookMapReduceResult DistributedSumResult DistributedTokenCountPartialReduce DistributedTokenCountQuit DistributedTokenCountResult ,ClientSumPartialReduce ClientSumQuit DistributedSumPartialReduce DistributedSumQuit ,12,1,false, , , ,A3ExpectedCalls-(13.3/20.0) , ,
38,Thu Feb 24 23:31:17 EST 2022,14,0,A3ExpectedSignatures,A3ExpectedInterfaces A3NamedConstants A3PublicMethodsOverride A3SpuriousCalls ,A3ExpectedCalls A3ExpectedSignatures A3InterfaceAsType A3MnemonicNames ,A3AccessModifiersMatched A3ConfigurationProvided A3NoCheckstyleWarnings ClientFacebookMapReducePartialReduce ClientFacebookMapReduceQuit ClientSumPartitionReduce ClientTokenCountPartialReduce ClientTokenCountPartition3Reduce ClientTokenCountQuit DistributedFacebookMapReducePartialReduce DistributedFacebookMapReduceQuit DistributedFacebookMapReduceResult DistributedSumResult DistributedTokenCountPartialReduce DistributedTokenCountQuit DistributedTokenCountResult ,ClientSumPartialReduce ClientSumQuit DistributedSumPartialReduce DistributedSumQuit ,12,2,false, , , ,A3ExpectedSignatures-(3.0/5.0) , ,
39,Thu Feb 24 23:35:57 EST 2022,14,0,A3SpecificStyleSuite,A3ExpectedInterfaces A3NamedConstants A3PublicMethodsOverride A3SpuriousCalls ,A3ExpectedCalls A3ExpectedSignatures A3InterfaceAsType A3MnemonicNames ,A3AccessModifiersMatched A3ConfigurationProvided A3NoCheckstyleWarnings ClientFacebookMapReducePartialReduce ClientFacebookMapReduceQuit ClientSumPartitionReduce ClientTokenCountPartialReduce ClientTokenCountPartition3Reduce ClientTokenCountQuit DistributedFacebookMapReducePartialReduce DistributedFacebookMapReduceQuit DistributedFacebookMapReduceResult DistributedSumResult DistributedTokenCountPartialReduce DistributedTokenCountQuit DistributedTokenCountResult ,ClientSumPartialReduce ClientSumQuit DistributedSumPartialReduce DistributedSumQuit ,12,3,true,A3ExpectedCalls A3ExpectedInterfaces A3ExpectedSignatures A3SpuriousCalls , , ,A3ExpectedCalls-(13.3/20.0) A3ExpectedInterfaces-(5.0/5.0) A3ExpectedSignatures-(3.0/5.0) A3SpuriousCalls-(20.0/20.0) , ,
40,Thu Feb 24 23:35:59 EST 2022,14,0,A3GeneralStyleSuite,A3ExpectedInterfaces A3NamedConstants A3PublicMethodsOverride A3SpuriousCalls ,A3ExpectedCalls A3ExpectedSignatures A3InterfaceAsType A3MnemonicNames ,A3AccessModifiersMatched A3ConfigurationProvided A3NoCheckstyleWarnings ClientFacebookMapReducePartialReduce ClientFacebookMapReduceQuit ClientSumPartitionReduce ClientTokenCountPartialReduce ClientTokenCountPartition3Reduce ClientTokenCountQuit DistributedFacebookMapReducePartialReduce DistributedFacebookMapReduceQuit DistributedFacebookMapReduceResult DistributedSumResult DistributedTokenCountPartialReduce DistributedTokenCountQuit DistributedTokenCountResult ,ClientSumPartialReduce ClientSumQuit DistributedSumPartialReduce DistributedSumQuit ,12,4,true,A3AccessModifiersMatched A3InterfaceAsType A3MnemonicNames A3NamedConstants A3NoCheckstyleWarnings A3PublicMethodsOverride , ,A3AccessModifiersMatched A3MnemonicNames A3NoCheckstyleWarnings A3PublicMethodsOverride ,A3AccessModifiersMatched-(0.0/5.0) A3InterfaceAsType-(9.8/10.0) A3MnemonicNames-(15.0/15.0) A3NamedConstants-(1.0/1.0) A3NoCheckstyleWarnings-(0.0/20.0) A3PublicMethodsOverride-(10.0/10.0) , ,
41,Thu Feb 24 23:36:05 EST 2022,14,0,A3MnemonicNames,A3ExpectedInterfaces A3NamedConstants A3PublicMethodsOverride A3SpuriousCalls ,A3ExpectedCalls A3ExpectedSignatures A3InterfaceAsType A3MnemonicNames ,A3AccessModifiersMatched A3ConfigurationProvided A3NoCheckstyleWarnings ClientFacebookMapReducePartialReduce ClientFacebookMapReduceQuit ClientSumPartitionReduce ClientTokenCountPartialReduce ClientTokenCountPartition3Reduce ClientTokenCountQuit DistributedFacebookMapReducePartialReduce DistributedFacebookMapReduceQuit DistributedFacebookMapReduceResult DistributedSumResult DistributedTokenCountPartialReduce DistributedTokenCountQuit DistributedTokenCountResult ,ClientSumPartialReduce ClientSumQuit DistributedSumPartialReduce DistributedSumQuit ,12,5,false, , ,A3MnemonicNames ,A3MnemonicNames-(15.0/15.0) , ,
42,Thu Feb 24 23:41:05 EST 2022,14,0,BasicDistributedFacebookMapReduce,A3ExpectedInterfaces A3NamedConstants A3PublicMethodsOverride A3SpuriousCalls ,A3ExpectedCalls A3ExpectedSignatures A3InterfaceAsType A3MnemonicNames ,A3AccessModifiersMatched A3ConfigurationProvided A3NoCheckstyleWarnings ClientFacebookMapReducePartialReduce ClientFacebookMapReduceQuit ClientSumPartitionReduce ClientTokenCountPartialReduce ClientTokenCountPartition3Reduce ClientTokenCountQuit DistributedFacebookMapReducePartialReduce DistributedFacebookMapReduceQuit DistributedFacebookMapReduceResult DistributedSumResult DistributedTokenCountPartialReduce DistributedTokenCountQuit DistributedTokenCountResult ,ClientSumPartialReduce ClientSumQuit DistributedSumPartialReduce DistributedSumQuit ,12,6,true,ClientFacebookMapReducePartialReduce ClientFacebookMapReduceQuit DistributedFacebookMapReducePartialReduce DistributedFacebookMapReduceQuit DistributedFacebookMapReduceResult ,A3ConfigurationProvided ,ClientFacebookMapReducePartialReduce ClientFacebookMapReduceQuit DistributedFacebookMapReducePartialReduce DistributedFacebookMapReduceQuit DistributedFacebookMapReduceResult ,ClientFacebookMapReducePartialReduce-(0.0/10.0) ClientFacebookMapReduceQuit-(0.0/10.0) DistributedFacebookMapReducePartialReduce-(0.0/10.0) DistributedFacebookMapReduceQuit-(0.0/10.0) DistributedFacebookMapReduceResult-(0.0/10.0) , ,
43,Thu Feb 24 23:41:06 EST 2022,14,0,BasicDistributedFacebookMapReduce,A3ExpectedInterfaces A3NamedConstants A3PublicMethodsOverride A3SpuriousCalls ,A3ExpectedCalls A3ExpectedSignatures A3InterfaceAsType A3MnemonicNames ,A3AccessModifiersMatched A3ConfigurationProvided A3NoCheckstyleWarnings ClientFacebookMapReducePartialReduce ClientFacebookMapReduceQuit ClientSumPartitionReduce ClientTokenCountPartialReduce ClientTokenCountPartition3Reduce ClientTokenCountQuit DistributedFacebookMapReducePartialReduce DistributedFacebookMapReduceQuit DistributedFacebookMapReduceResult DistributedSumResult DistributedTokenCountPartialReduce DistributedTokenCountQuit DistributedTokenCountResult ,ClientSumPartialReduce ClientSumQuit DistributedSumPartialReduce DistributedSumQuit ,12,7,true,ClientFacebookMapReducePartialReduce ClientFacebookMapReduceQuit DistributedFacebookMapReducePartialReduce DistributedFacebookMapReduceQuit DistributedFacebookMapReduceResult , ,ClientFacebookMapReducePartialReduce ClientFacebookMapReduceQuit DistributedFacebookMapReducePartialReduce DistributedFacebookMapReduceQuit DistributedFacebookMapReduceResult ,ClientFacebookMapReducePartialReduce-(0.0/10.0) ClientFacebookMapReduceQuit-(0.0/10.0) DistributedFacebookMapReducePartialReduce-(0.0/10.0) DistributedFacebookMapReduceQuit-(0.0/10.0) DistributedFacebookMapReduceResult-(0.0/10.0) , ,
44,Thu Feb 24 23:42:30 EST 2022,14,0,DistributedPartitionedReduce,A3ExpectedInterfaces A3NamedConstants A3PublicMethodsOverride A3SpuriousCalls ,A3ExpectedCalls A3ExpectedSignatures A3InterfaceAsType A3MnemonicNames ,A3AccessModifiersMatched A3ConfigurationProvided A3NoCheckstyleWarnings ClientFacebookMapReducePartialReduce ClientFacebookMapReduceQuit ClientSumPartitionReduce ClientTokenCountPartialReduce ClientTokenCountPartition3Reduce ClientTokenCountQuit DistributedFacebookMapReducePartialReduce DistributedFacebookMapReduceQuit DistributedFacebookMapReduceResult DistributedSumResult DistributedTokenCountPartialReduce DistributedTokenCountQuit DistributedTokenCountResult ,ClientSumPartialReduce ClientSumQuit DistributedSumPartialReduce DistributedSumQuit ,12,8,true,ClientSumPartitionReduce ClientTokenCountPartition3Reduce ,DistributedSumResult DistributedTokenCountResult , ,ClientSumPartitionReduce-(0.0/10.0) ClientTokenCountPartition3Reduce-(0.0/30.0) , ,
45,Thu Feb 24 23:46:33 EST 2022,14,0,BasicDistributedCounts,A3ExpectedInterfaces A3NamedConstants A3PublicMethodsOverride A3SpuriousCalls ,A3ExpectedCalls A3ExpectedSignatures A3InterfaceAsType A3MnemonicNames ,A3AccessModifiersMatched A3ConfigurationProvided A3NoCheckstyleWarnings ClientFacebookMapReducePartialReduce ClientFacebookMapReduceQuit ClientSumPartitionReduce ClientTokenCountPartialReduce ClientTokenCountPartition3Reduce ClientTokenCountQuit DistributedFacebookMapReducePartialReduce DistributedFacebookMapReduceQuit DistributedFacebookMapReduceResult DistributedSumResult DistributedTokenCountPartialReduce DistributedTokenCountQuit DistributedTokenCountResult ,ClientSumPartialReduce ClientSumQuit DistributedSumPartialReduce DistributedSumQuit ,13,0,true,ClientTokenCountPartialReduce ClientTokenCountQuit DistributedTokenCountPartialReduce DistributedTokenCountQuit DistributedTokenCountResult ,A3ConfigurationProvided , ,ClientTokenCountPartialReduce-(0.0/15.0) ClientTokenCountQuit-(0.0/15.0) DistributedTokenCountPartialReduce-(0.0/15.0) DistributedTokenCountQuit-(0.0/15.0) DistributedTokenCountResult-(0.0/15.0) , ,
46,Thu Feb 24 23:48:18 EST 2022,14,0,DistributedTokenCountResult,A3ExpectedInterfaces A3NamedConstants A3PublicMethodsOverride A3SpuriousCalls ,A3ExpectedCalls A3ExpectedSignatures A3InterfaceAsType A3MnemonicNames ,A3AccessModifiersMatched A3ConfigurationProvided A3NoCheckstyleWarnings ClientFacebookMapReducePartialReduce ClientFacebookMapReduceQuit ClientSumPartitionReduce ClientTokenCountPartialReduce ClientTokenCountPartition3Reduce ClientTokenCountQuit DistributedFacebookMapReducePartialReduce DistributedFacebookMapReduceQuit DistributedFacebookMapReduceResult DistributedSumResult DistributedTokenCountPartialReduce DistributedTokenCountQuit DistributedTokenCountResult ,ClientSumPartialReduce ClientSumQuit DistributedSumPartialReduce DistributedSumQuit ,13,1,false, , , ,DistributedTokenCountResult-(0.0/15.0) , ,
47,Thu Feb 24 23:48:20 EST 2022,14,0,DistributedTokenCountQuit,A3ExpectedInterfaces A3NamedConstants A3PublicMethodsOverride A3SpuriousCalls ,A3ExpectedCalls A3ExpectedSignatures A3InterfaceAsType A3MnemonicNames ,A3AccessModifiersMatched A3ConfigurationProvided A3NoCheckstyleWarnings ClientFacebookMapReducePartialReduce ClientFacebookMapReduceQuit ClientSumPartitionReduce ClientTokenCountPartialReduce ClientTokenCountPartition3Reduce ClientTokenCountQuit DistributedFacebookMapReducePartialReduce DistributedFacebookMapReduceQuit DistributedFacebookMapReduceResult DistributedSumResult DistributedTokenCountPartialReduce DistributedTokenCountQuit DistributedTokenCountResult ,ClientSumPartialReduce ClientSumQuit DistributedSumPartialReduce DistributedSumQuit ,13,2,false, , , ,DistributedTokenCountQuit-(0.0/15.0) , ,
48,Thu Feb 24 23:48:22 EST 2022,14,0,ClientTokenCountPartialReduce,A3ExpectedInterfaces A3NamedConstants A3PublicMethodsOverride A3SpuriousCalls ,A3ExpectedCalls A3ExpectedSignatures A3InterfaceAsType A3MnemonicNames ,A3AccessModifiersMatched A3ConfigurationProvided A3NoCheckstyleWarnings ClientFacebookMapReducePartialReduce ClientFacebookMapReduceQuit ClientSumPartitionReduce ClientTokenCountPartialReduce ClientTokenCountPartition3Reduce ClientTokenCountQuit DistributedFacebookMapReducePartialReduce DistributedFacebookMapReduceQuit DistributedFacebookMapReduceResult DistributedSumResult DistributedTokenCountPartialReduce DistributedTokenCountQuit DistributedTokenCountResult ,ClientSumPartialReduce ClientSumQuit DistributedSumPartialReduce DistributedSumQuit ,13,3,false, , , ,ClientTokenCountPartialReduce-(0.0/15.0) , ,
49,Thu Feb 24 23:48:23 EST 2022,14,0,DistributedTokenCountPartialReduce,A3ExpectedInterfaces A3NamedConstants A3PublicMethodsOverride A3SpuriousCalls ,A3ExpectedCalls A3ExpectedSignatures A3InterfaceAsType A3MnemonicNames ,A3AccessModifiersMatched A3ConfigurationProvided A3NoCheckstyleWarnings ClientFacebookMapReducePartialReduce ClientFacebookMapReduceQuit ClientSumPartitionReduce ClientTokenCountPartialReduce ClientTokenCountPartition3Reduce ClientTokenCountQuit DistributedFacebookMapReducePartialReduce DistributedFacebookMapReduceQuit DistributedFacebookMapReduceResult DistributedSumResult DistributedTokenCountPartialReduce DistributedTokenCountQuit DistributedTokenCountResult ,ClientSumPartialReduce ClientSumQuit DistributedSumPartialReduce DistributedSumQuit ,13,4,false, , , ,DistributedTokenCountPartialReduce-(0.0/15.0) , ,
50,Thu Feb 24 23:48:25 EST 2022,14,0,DistributedTokenCountPartialReduce,A3ExpectedInterfaces A3NamedConstants A3PublicMethodsOverride A3SpuriousCalls ,A3ExpectedCalls A3ExpectedSignatures A3InterfaceAsType A3MnemonicNames ,A3AccessModifiersMatched A3ConfigurationProvided A3NoCheckstyleWarnings ClientFacebookMapReducePartialReduce ClientFacebookMapReduceQuit ClientSumPartitionReduce ClientTokenCountPartialReduce ClientTokenCountPartition3Reduce ClientTokenCountQuit DistributedFacebookMapReducePartialReduce DistributedFacebookMapReduceQuit DistributedFacebookMapReduceResult DistributedSumResult DistributedTokenCountPartialReduce DistributedTokenCountQuit DistributedTokenCountResult ,ClientSumPartialReduce ClientSumQuit DistributedSumPartialReduce DistributedSumQuit ,13,5,false, , , ,DistributedTokenCountPartialReduce-(0.0/15.0) , ,
51,Thu Feb 24 23:48:26 EST 2022,14,0,DistributedTokenCountQuit,A3ExpectedInterfaces A3NamedConstants A3PublicMethodsOverride A3SpuriousCalls ,A3ExpectedCalls A3ExpectedSignatures A3InterfaceAsType A3MnemonicNames ,A3AccessModifiersMatched A3ConfigurationProvided A3NoCheckstyleWarnings ClientFacebookMapReducePartialReduce ClientFacebookMapReduceQuit ClientSumPartitionReduce ClientTokenCountPartialReduce ClientTokenCountPartition3Reduce ClientTokenCountQuit DistributedFacebookMapReducePartialReduce DistributedFacebookMapReduceQuit DistributedFacebookMapReduceResult DistributedSumResult DistributedTokenCountPartialReduce DistributedTokenCountQuit DistributedTokenCountResult ,ClientSumPartialReduce ClientSumQuit DistributedSumPartialReduce DistributedSumQuit ,13,6,false, , , ,DistributedTokenCountQuit-(0.0/15.0) , ,
52,Thu Feb 24 23:48:27 EST 2022,14,0,ClientTokenCountPartialReduce,A3ExpectedInterfaces A3NamedConstants A3PublicMethodsOverride A3SpuriousCalls ,A3ExpectedCalls A3ExpectedSignatures A3InterfaceAsType A3MnemonicNames ,A3AccessModifiersMatched A3ConfigurationProvided A3NoCheckstyleWarnings ClientFacebookMapReducePartialReduce ClientFacebookMapReduceQuit ClientSumPartitionReduce ClientTokenCountPartialReduce ClientTokenCountPartition3Reduce ClientTokenCountQuit DistributedFacebookMapReducePartialReduce DistributedFacebookMapReduceQuit DistributedFacebookMapReduceResult DistributedSumResult DistributedTokenCountPartialReduce DistributedTokenCountQuit DistributedTokenCountResult ,ClientSumPartialReduce ClientSumQuit DistributedSumPartialReduce DistributedSumQuit ,13,7,false, , , ,ClientTokenCountPartialReduce-(0.0/15.0) , ,
53,Thu Feb 24 23:48:58 EST 2022,14,0,BasicDistributedSum,A3ExpectedInterfaces A3NamedConstants A3PublicMethodsOverride A3SpuriousCalls ,A3ExpectedCalls A3ExpectedSignatures A3InterfaceAsType A3MnemonicNames ,A3AccessModifiersMatched A3ConfigurationProvided A3NoCheckstyleWarnings ClientFacebookMapReducePartialReduce ClientFacebookMapReduceQuit ClientSumPartialReduce+ ClientSumPartitionReduce ClientSumQuit+ ClientTokenCountPartialReduce ClientTokenCountPartition3Reduce ClientTokenCountQuit DistributedFacebookMapReducePartialReduce DistributedFacebookMapReduceQuit DistributedFacebookMapReduceResult DistributedSumPartialReduce+ DistributedSumQuit+ DistributedSumResult DistributedTokenCountPartialReduce DistributedTokenCountQuit DistributedTokenCountResult , ,13,8,true,ClientSumPartialReduce ClientSumQuit DistributedSumPartialReduce DistributedSumQuit DistributedSumResult , , ,ClientSumPartialReduce-(0.0/5.0) ClientSumQuit-(0.0/5.0) DistributedSumPartialReduce-(0.0/5.0) DistributedSumQuit-(0.0/5.0) DistributedSumResult-(0.0/5.0) , ,
54,Thu Feb 24 23:48:58 EST 2022,14,0,BasicDistributedSum,A3ExpectedInterfaces A3NamedConstants A3PublicMethodsOverride A3SpuriousCalls ,A3ExpectedCalls A3ExpectedSignatures A3InterfaceAsType A3MnemonicNames ,A3AccessModifiersMatched A3ConfigurationProvided A3NoCheckstyleWarnings ClientFacebookMapReducePartialReduce ClientFacebookMapReduceQuit ClientSumPartialReduce ClientSumPartitionReduce ClientSumQuit ClientTokenCountPartialReduce ClientTokenCountPartition3Reduce ClientTokenCountQuit DistributedFacebookMapReducePartialReduce DistributedFacebookMapReduceQuit DistributedFacebookMapReduceResult DistributedSumPartialReduce DistributedSumQuit DistributedSumResult DistributedTokenCountPartialReduce DistributedTokenCountQuit DistributedTokenCountResult , ,13,9,true,ClientSumPartialReduce ClientSumQuit DistributedSumPartialReduce DistributedSumQuit DistributedSumResult , , ,ClientSumPartialReduce-(0.0/5.0) ClientSumQuit-(0.0/5.0) DistributedSumPartialReduce-(0.0/5.0) DistributedSumQuit-(0.0/5.0) DistributedSumResult-(0.0/5.0) , ,
55,Thu Feb 24 23:49:00 EST 2022,14,0,BasicDistributedCounts,A3ExpectedInterfaces A3NamedConstants A3PublicMethodsOverride A3SpuriousCalls ,A3ExpectedCalls A3ExpectedSignatures A3InterfaceAsType A3MnemonicNames ,A3AccessModifiersMatched A3ConfigurationProvided A3NoCheckstyleWarnings ClientFacebookMapReducePartialReduce ClientFacebookMapReduceQuit ClientSumPartialReduce ClientSumPartitionReduce ClientSumQuit ClientTokenCountPartialReduce ClientTokenCountPartition3Reduce ClientTokenCountQuit DistributedFacebookMapReducePartialReduce DistributedFacebookMapReduceQuit DistributedFacebookMapReduceResult DistributedSumPartialReduce DistributedSumQuit DistributedSumResult DistributedTokenCountPartialReduce DistributedTokenCountQuit DistributedTokenCountResult , ,13,10,true,ClientTokenCountPartialReduce ClientTokenCountQuit DistributedTokenCountPartialReduce DistributedTokenCountQuit DistributedTokenCountResult , , ,ClientTokenCountPartialReduce-(0.0/15.0) ClientTokenCountQuit-(0.0/15.0) DistributedTokenCountPartialReduce-(0.0/15.0) DistributedTokenCountQuit-(0.0/15.0) DistributedTokenCountResult-(0.0/15.0) , ,
56,Thu Feb 24 23:49:01 EST 2022,14,0,DistributedPartitionedReduce,A3ExpectedInterfaces A3NamedConstants A3PublicMethodsOverride A3SpuriousCalls ,A3ExpectedCalls A3ExpectedSignatures A3InterfaceAsType A3MnemonicNames ,A3AccessModifiersMatched A3ConfigurationProvided A3NoCheckstyleWarnings ClientFacebookMapReducePartialReduce ClientFacebookMapReduceQuit ClientSumPartialReduce ClientSumPartitionReduce ClientSumQuit ClientTokenCountPartialReduce ClientTokenCountPartition3Reduce ClientTokenCountQuit DistributedFacebookMapReducePartialReduce DistributedFacebookMapReduceQuit DistributedFacebookMapReduceResult DistributedSumPartialReduce DistributedSumQuit DistributedSumResult DistributedTokenCountPartialReduce DistributedTokenCountQuit DistributedTokenCountResult , ,13,11,true,ClientSumPartitionReduce ClientTokenCountPartition3Reduce , , ,ClientSumPartitionReduce-(0.0/10.0) ClientTokenCountPartition3Reduce-(0.0/30.0) , ,
57,Thu Feb 24 23:49:02 EST 2022,14,0,DistributedPartitionedReduce,A3ExpectedInterfaces A3NamedConstants A3PublicMethodsOverride A3SpuriousCalls ,A3ExpectedCalls A3ExpectedSignatures A3InterfaceAsType A3MnemonicNames ,A3AccessModifiersMatched A3ConfigurationProvided A3NoCheckstyleWarnings ClientFacebookMapReducePartialReduce ClientFacebookMapReduceQuit ClientSumPartialReduce ClientSumPartitionReduce ClientSumQuit ClientTokenCountPartialReduce ClientTokenCountPartition3Reduce ClientTokenCountQuit DistributedFacebookMapReducePartialReduce DistributedFacebookMapReduceQuit DistributedFacebookMapReduceResult DistributedSumPartialReduce DistributedSumQuit DistributedSumResult DistributedTokenCountPartialReduce DistributedTokenCountQuit DistributedTokenCountResult , ,13,12,true,ClientSumPartitionReduce ClientTokenCountPartition3Reduce , , ,ClientSumPartitionReduce-(0.0/10.0) ClientTokenCountPartition3Reduce-(0.0/30.0) , ,
58,Thu Feb 24 23:49:08 EST 2022,17,3,A3GeneralStyleSuite,A3ExpectedInterfaces A3MnemonicNames+ A3NamedConstants A3PublicMethodsOverride A3SpuriousCalls ,A3ExpectedCalls A3ExpectedSignatures A3InterfaceAsType ,A3AccessModifiersMatched A3ConfigurationProvided A3NoCheckstyleWarnings ClientFacebookMapReducePartialReduce ClientFacebookMapReduceQuit ClientSumPartialReduce ClientSumPartitionReduce ClientSumQuit ClientTokenCountPartialReduce ClientTokenCountPartition3Reduce ClientTokenCountQuit DistributedFacebookMapReducePartialReduce DistributedFacebookMapReduceQuit DistributedFacebookMapReduceResult DistributedSumPartialReduce DistributedSumQuit DistributedSumResult DistributedTokenCountPartialReduce DistributedTokenCountQuit DistributedTokenCountResult , ,13,13,true,A3AccessModifiersMatched A3InterfaceAsType A3MnemonicNames A3NamedConstants A3NoCheckstyleWarnings A3PublicMethodsOverride , ,A3AccessModifiersMatched A3MnemonicNames A3NoCheckstyleWarnings A3PublicMethodsOverride ,A3AccessModifiersMatched-(0.0/5.0) A3InterfaceAsType-(9.8/10.0) A3MnemonicNames-(15.0/15.0) A3NamedConstants-(1.0/1.0) A3NoCheckstyleWarnings-(0.0/20.0) A3PublicMethodsOverride-(10.0/10.0) , ,
59,Thu Feb 24 23:49:14 EST 2022,17,0,A3SpecificStyleSuite,A3ExpectedInterfaces A3MnemonicNames A3NamedConstants A3PublicMethodsOverride A3SpuriousCalls ,A3ExpectedCalls A3ExpectedSignatures A3InterfaceAsType ,A3AccessModifiersMatched A3ConfigurationProvided A3NoCheckstyleWarnings ClientFacebookMapReducePartialReduce ClientFacebookMapReduceQuit ClientSumPartialReduce ClientSumPartitionReduce ClientSumQuit ClientTokenCountPartialReduce ClientTokenCountPartition3Reduce ClientTokenCountQuit DistributedFacebookMapReducePartialReduce DistributedFacebookMapReduceQuit DistributedFacebookMapReduceResult DistributedSumPartialReduce DistributedSumQuit DistributedSumResult DistributedTokenCountPartialReduce DistributedTokenCountQuit DistributedTokenCountResult , ,13,14,true,A3ExpectedCalls A3ExpectedInterfaces A3ExpectedSignatures A3SpuriousCalls , , ,A3ExpectedCalls-(14.2/20.0) A3ExpectedInterfaces-(5.0/5.0) A3ExpectedSignatures-(3.0/5.0) A3SpuriousCalls-(20.0/20.0) , ,
60,Thu Feb 24 23:49:25 EST 2022,17,0,A3NoCheckstyleWarnings,A3ExpectedInterfaces A3MnemonicNames A3NamedConstants A3PublicMethodsOverride A3SpuriousCalls ,A3ExpectedCalls A3ExpectedSignatures A3InterfaceAsType ,A3AccessModifiersMatched A3ConfigurationProvided A3NoCheckstyleWarnings ClientFacebookMapReducePartialReduce ClientFacebookMapReduceQuit ClientSumPartialReduce ClientSumPartitionReduce ClientSumQuit ClientTokenCountPartialReduce ClientTokenCountPartition3Reduce ClientTokenCountQuit DistributedFacebookMapReducePartialReduce DistributedFacebookMapReduceQuit DistributedFacebookMapReduceResult DistributedSumPartialReduce DistributedSumQuit DistributedSumResult DistributedTokenCountPartialReduce DistributedTokenCountQuit DistributedTokenCountResult , ,13,15,false, , ,A3NoCheckstyleWarnings ,A3NoCheckstyleWarnings-(0.0/20.0) , ,
61,Thu Feb 24 23:58:01 EST 2022,17,0,A3SpecificStyleSuite,A3ExpectedInterfaces A3MnemonicNames A3NamedConstants A3PublicMethodsOverride A3SpuriousCalls ,A3ExpectedCalls A3ExpectedSignatures A3InterfaceAsType ,A3AccessModifiersMatched A3ConfigurationProvided A3NoCheckstyleWarnings ClientFacebookMapReducePartialReduce ClientFacebookMapReduceQuit ClientSumPartialReduce ClientSumPartitionReduce ClientSumQuit ClientTokenCountPartialReduce ClientTokenCountPartition3Reduce ClientTokenCountQuit DistributedFacebookMapReducePartialReduce DistributedFacebookMapReduceQuit DistributedFacebookMapReduceResult DistributedSumPartialReduce DistributedSumQuit DistributedSumResult DistributedTokenCountPartialReduce DistributedTokenCountQuit DistributedTokenCountResult , ,14,0,true,A3ExpectedCalls A3ExpectedInterfaces A3ExpectedSignatures A3SpuriousCalls , , ,A3ExpectedCalls-(14.2/20.0) A3ExpectedInterfaces-(5.0/5.0) A3ExpectedSignatures-(3.0/5.0) A3SpuriousCalls-(20.0/20.0) , ,
62,Thu Feb 24 23:58:05 EST 2022,17,0,A3SpecificStyleSuite,A3ExpectedInterfaces A3MnemonicNames A3NamedConstants A3PublicMethodsOverride A3SpuriousCalls ,A3ExpectedCalls A3ExpectedSignatures A3InterfaceAsType ,A3AccessModifiersMatched A3ConfigurationProvided A3NoCheckstyleWarnings ClientFacebookMapReducePartialReduce ClientFacebookMapReduceQuit ClientSumPartialReduce ClientSumPartitionReduce ClientSumQuit ClientTokenCountPartialReduce ClientTokenCountPartition3Reduce ClientTokenCountQuit DistributedFacebookMapReducePartialReduce DistributedFacebookMapReduceQuit DistributedFacebookMapReduceResult DistributedSumPartialReduce DistributedSumQuit DistributedSumResult DistributedTokenCountPartialReduce DistributedTokenCountQuit DistributedTokenCountResult , ,14,1,true,A3ExpectedCalls A3ExpectedInterfaces A3ExpectedSignatures A3SpuriousCalls , , ,A3ExpectedCalls-(14.2/20.0) A3ExpectedInterfaces-(5.0/5.0) A3ExpectedSignatures-(3.0/5.0) A3SpuriousCalls-(20.0/20.0) , ,
63,Thu Feb 24 23:58:07 EST 2022,17,0,A3GeneralStyleSuite,A3ExpectedInterfaces A3MnemonicNames A3NamedConstants A3PublicMethodsOverride A3SpuriousCalls ,A3ExpectedCalls A3ExpectedSignatures A3InterfaceAsType ,A3AccessModifiersMatched A3ConfigurationProvided A3NoCheckstyleWarnings ClientFacebookMapReducePartialReduce ClientFacebookMapReduceQuit ClientSumPartialReduce ClientSumPartitionReduce ClientSumQuit ClientTokenCountPartialReduce ClientTokenCountPartition3Reduce ClientTokenCountQuit DistributedFacebookMapReducePartialReduce DistributedFacebookMapReduceQuit DistributedFacebookMapReduceResult DistributedSumPartialReduce DistributedSumQuit DistributedSumResult DistributedTokenCountPartialReduce DistributedTokenCountQuit DistributedTokenCountResult , ,14,2,true,A3AccessModifiersMatched A3InterfaceAsType A3MnemonicNames A3NamedConstants A3NoCheckstyleWarnings A3PublicMethodsOverride , ,A3AccessModifiersMatched A3MnemonicNames A3NoCheckstyleWarnings A3PublicMethodsOverride ,A3AccessModifiersMatched-(0.0/5.0) A3InterfaceAsType-(9.8/10.0) A3MnemonicNames-(15.0/15.0) A3NamedConstants-(1.0/1.0) A3NoCheckstyleWarnings-(0.0/20.0) A3PublicMethodsOverride-(10.0/10.0) , ,
64,Fri Feb 25 00:09:08 EST 2022,17,0,DistributedPartitionedReduce,A3ExpectedInterfaces A3MnemonicNames A3NamedConstants A3PublicMethodsOverride A3SpuriousCalls ,A3ExpectedCalls A3ExpectedSignatures A3InterfaceAsType ,A3AccessModifiersMatched A3ConfigurationProvided A3NoCheckstyleWarnings ClientFacebookMapReducePartialReduce ClientFacebookMapReduceQuit ClientSumPartialReduce ClientSumPartitionReduce ClientSumQuit ClientTokenCountPartialReduce ClientTokenCountPartition3Reduce ClientTokenCountQuit DistributedFacebookMapReducePartialReduce DistributedFacebookMapReduceQuit DistributedFacebookMapReduceResult DistributedSumPartialReduce DistributedSumQuit DistributedSumResult DistributedTokenCountPartialReduce DistributedTokenCountQuit DistributedTokenCountResult , ,15,0,true,ClientSumPartitionReduce ClientTokenCountPartition3Reduce ,A3ConfigurationProvided DistributedSumResult DistributedTokenCountResult , ,ClientSumPartitionReduce-(0.0/10.0) ClientTokenCountPartition3Reduce-(0.0/30.0) , ,
65,Fri Feb 25 00:09:12 EST 2022,17,0,A3ConfigurationProvided,A3ExpectedInterfaces A3MnemonicNames A3NamedConstants A3PublicMethodsOverride A3SpuriousCalls ,A3ExpectedCalls A3ExpectedSignatures A3InterfaceAsType ,A3AccessModifiersMatched A3ConfigurationProvided A3NoCheckstyleWarnings ClientFacebookMapReducePartialReduce ClientFacebookMapReduceQuit ClientSumPartialReduce ClientSumPartitionReduce ClientSumQuit ClientTokenCountPartialReduce ClientTokenCountPartition3Reduce ClientTokenCountQuit DistributedFacebookMapReducePartialReduce DistributedFacebookMapReduceQuit DistributedFacebookMapReduceResult DistributedSumPartialReduce DistributedSumQuit DistributedSumResult DistributedTokenCountPartialReduce DistributedTokenCountQuit DistributedTokenCountResult , ,15,1,false, , , ,A3ConfigurationProvided-(0.0/10.0) , ,
66,Fri Feb 25 00:09:13 EST 2022,17,0,A3ConfigurationProvided,A3ExpectedInterfaces A3MnemonicNames A3NamedConstants A3PublicMethodsOverride A3SpuriousCalls ,A3ExpectedCalls A3ExpectedSignatures A3InterfaceAsType ,A3AccessModifiersMatched A3ConfigurationProvided A3NoCheckstyleWarnings ClientFacebookMapReducePartialReduce ClientFacebookMapReduceQuit ClientSumPartialReduce ClientSumPartitionReduce ClientSumQuit ClientTokenCountPartialReduce ClientTokenCountPartition3Reduce ClientTokenCountQuit DistributedFacebookMapReducePartialReduce DistributedFacebookMapReduceQuit DistributedFacebookMapReduceResult DistributedSumPartialReduce DistributedSumQuit DistributedSumResult DistributedTokenCountPartialReduce DistributedTokenCountQuit DistributedTokenCountResult , ,15,2,false, , , ,A3ConfigurationProvided-(0.0/10.0) , ,
67,Fri Feb 25 00:09:14 EST 2022,17,0,DistributedPartitionedReduce,A3ExpectedInterfaces A3MnemonicNames A3NamedConstants A3PublicMethodsOverride A3SpuriousCalls ,A3ExpectedCalls A3ExpectedSignatures A3InterfaceAsType ,A3AccessModifiersMatched A3ConfigurationProvided A3NoCheckstyleWarnings ClientFacebookMapReducePartialReduce ClientFacebookMapReduceQuit ClientSumPartialReduce ClientSumPartitionReduce ClientSumQuit ClientTokenCountPartialReduce ClientTokenCountPartition3Reduce ClientTokenCountQuit DistributedFacebookMapReducePartialReduce DistributedFacebookMapReduceQuit DistributedFacebookMapReduceResult DistributedSumPartialReduce DistributedSumQuit DistributedSumResult DistributedTokenCountPartialReduce DistributedTokenCountQuit DistributedTokenCountResult , ,15,3,true,ClientSumPartitionReduce ClientTokenCountPartition3Reduce , , ,ClientSumPartitionReduce-(0.0/10.0) ClientTokenCountPartition3Reduce-(0.0/30.0) , ,
68,Fri Feb 25 13:14:45 EST 2022,17,0,A3SpecificStyleSuite,A3ExpectedInterfaces A3MnemonicNames A3NamedConstants A3PublicMethodsOverride A3SpuriousCalls ,A3ExpectedCalls A3ExpectedSignatures A3InterfaceAsType ,A3AccessModifiersMatched A3ConfigurationProvided A3NoCheckstyleWarnings ClientFacebookMapReducePartialReduce ClientFacebookMapReduceQuit ClientSumPartialReduce ClientSumPartitionReduce ClientSumQuit ClientTokenCountPartialReduce ClientTokenCountPartition3Reduce ClientTokenCountQuit DistributedFacebookMapReducePartialReduce DistributedFacebookMapReduceQuit DistributedFacebookMapReduceResult DistributedSumPartialReduce DistributedSumQuit DistributedSumResult DistributedTokenCountPartialReduce DistributedTokenCountQuit DistributedTokenCountResult , ,16,0,true,A3ExpectedCalls A3ExpectedInterfaces A3ExpectedSignatures A3SpuriousCalls , , ,A3ExpectedCalls-(14.2/20.0) A3ExpectedInterfaces-(5.0/5.0) A3ExpectedSignatures-(3.0/5.0) A3SpuriousCalls-(20.0/20.0) , ,
69,Fri Feb 25 13:14:45 EST 2022,17,0,A3SpecificStyleSuite,A3ExpectedInterfaces A3MnemonicNames A3NamedConstants A3PublicMethodsOverride A3SpuriousCalls ,A3ExpectedCalls A3ExpectedSignatures A3InterfaceAsType ,A3AccessModifiersMatched A3ConfigurationProvided A3NoCheckstyleWarnings ClientFacebookMapReducePartialReduce ClientFacebookMapReduceQuit ClientSumPartialReduce ClientSumPartitionReduce ClientSumQuit ClientTokenCountPartialReduce ClientTokenCountPartition3Reduce ClientTokenCountQuit DistributedFacebookMapReducePartialReduce DistributedFacebookMapReduceQuit DistributedFacebookMapReduceResult DistributedSumPartialReduce DistributedSumQuit DistributedSumResult DistributedTokenCountPartialReduce DistributedTokenCountQuit DistributedTokenCountResult , ,16,1,true,A3ExpectedCalls A3ExpectedInterfaces A3ExpectedSignatures A3SpuriousCalls , , ,A3ExpectedCalls-(14.2/20.0) A3ExpectedInterfaces-(5.0/5.0) A3ExpectedSignatures-(3.0/5.0) A3SpuriousCalls-(20.0/20.0) , ,
70,Fri Feb 25 13:14:47 EST 2022,17,0,A3SpecificStyleSuite,A3ExpectedInterfaces A3MnemonicNames A3NamedConstants A3PublicMethodsOverride A3SpuriousCalls ,A3ExpectedCalls A3ExpectedSignatures A3InterfaceAsType ,A3AccessModifiersMatched A3ConfigurationProvided A3NoCheckstyleWarnings ClientFacebookMapReducePartialReduce ClientFacebookMapReduceQuit ClientSumPartialReduce ClientSumPartitionReduce ClientSumQuit ClientTokenCountPartialReduce ClientTokenCountPartition3Reduce ClientTokenCountQuit DistributedFacebookMapReducePartialReduce DistributedFacebookMapReduceQuit DistributedFacebookMapReduceResult DistributedSumPartialReduce DistributedSumQuit DistributedSumResult DistributedTokenCountPartialReduce DistributedTokenCountQuit DistributedTokenCountResult , ,16,2,true,A3ExpectedCalls A3ExpectedInterfaces A3ExpectedSignatures A3SpuriousCalls , , ,A3ExpectedCalls-(14.2/20.0) A3ExpectedInterfaces-(5.0/5.0) A3ExpectedSignatures-(3.0/5.0) A3SpuriousCalls-(20.0/20.0) , ,
71,Fri Feb 25 13:14:48 EST 2022,17,0,A3SpecificStyleSuite,A3ExpectedInterfaces A3MnemonicNames A3NamedConstants A3PublicMethodsOverride A3SpuriousCalls ,A3ExpectedCalls A3ExpectedSignatures A3InterfaceAsType ,A3AccessModifiersMatched A3ConfigurationProvided A3NoCheckstyleWarnings ClientFacebookMapReducePartialReduce ClientFacebookMapReduceQuit ClientSumPartialReduce ClientSumPartitionReduce ClientSumQuit ClientTokenCountPartialReduce ClientTokenCountPartition3Reduce ClientTokenCountQuit DistributedFacebookMapReducePartialReduce DistributedFacebookMapReduceQuit DistributedFacebookMapReduceResult DistributedSumPartialReduce DistributedSumQuit DistributedSumResult DistributedTokenCountPartialReduce DistributedTokenCountQuit DistributedTokenCountResult , ,16,3,true,A3ExpectedCalls A3ExpectedInterfaces A3ExpectedSignatures A3SpuriousCalls , , ,A3ExpectedCalls-(14.2/20.0) A3ExpectedInterfaces-(5.0/5.0) A3ExpectedSignatures-(3.0/5.0) A3SpuriousCalls-(20.0/20.0) , ,
72,Fri Feb 25 13:16:12 EST 2022,17,0,BasicDistributedCounts,A3ExpectedInterfaces A3MnemonicNames A3NamedConstants A3PublicMethodsOverride A3SpuriousCalls ,A3ExpectedCalls A3ExpectedSignatures A3InterfaceAsType ,A3AccessModifiersMatched A3ConfigurationProvided A3NoCheckstyleWarnings ClientFacebookMapReducePartialReduce ClientFacebookMapReduceQuit ClientSumPartialReduce ClientSumPartitionReduce ClientSumQuit ClientTokenCountPartialReduce ClientTokenCountPartition3Reduce ClientTokenCountQuit DistributedFacebookMapReducePartialReduce DistributedFacebookMapReduceQuit DistributedFacebookMapReduceResult DistributedSumPartialReduce DistributedSumQuit DistributedSumResult DistributedTokenCountPartialReduce DistributedTokenCountQuit DistributedTokenCountResult , ,16,4,true,ClientTokenCountPartialReduce ClientTokenCountQuit DistributedTokenCountPartialReduce DistributedTokenCountQuit DistributedTokenCountResult ,A3ConfigurationProvided , ,ClientTokenCountPartialReduce-(0.0/15.0) ClientTokenCountQuit-(0.0/15.0) DistributedTokenCountPartialReduce-(0.0/15.0) DistributedTokenCountQuit-(0.0/15.0) DistributedTokenCountResult-(0.0/15.0) , ,
73,Fri Feb 25 13:34:06 EST 2022,17,0,BasicDistributedCounts,A3ExpectedInterfaces A3MnemonicNames A3NamedConstants A3PublicMethodsOverride A3SpuriousCalls ,A3ExpectedCalls A3ExpectedSignatures A3InterfaceAsType ,A3AccessModifiersMatched A3ConfigurationProvided A3NoCheckstyleWarnings ClientFacebookMapReducePartialReduce ClientFacebookMapReduceQuit ClientSumPartialReduce ClientSumPartitionReduce ClientSumQuit ClientTokenCountPartialReduce ClientTokenCountPartition3Reduce ClientTokenCountQuit DistributedFacebookMapReducePartialReduce DistributedFacebookMapReduceQuit DistributedFacebookMapReduceResult DistributedSumPartialReduce DistributedSumQuit DistributedSumResult DistributedTokenCountPartialReduce DistributedTokenCountQuit DistributedTokenCountResult , ,17,0,true,ClientTokenCountPartialReduce ClientTokenCountQuit DistributedTokenCountPartialReduce DistributedTokenCountQuit DistributedTokenCountResult ,A3ConfigurationProvided , ,ClientTokenCountPartialReduce-(0.0/15.0) ClientTokenCountQuit-(0.0/15.0) DistributedTokenCountPartialReduce-(0.0/15.0) DistributedTokenCountQuit-(0.0/15.0) DistributedTokenCountResult-(0.0/15.0) , ,
74,Sat Feb 26 00:08:16 EST 2022,17,0,BasicDistributedCounts,A3ExpectedInterfaces A3MnemonicNames A3NamedConstants A3PublicMethodsOverride A3SpuriousCalls ,A3ExpectedCalls A3ExpectedSignatures A3InterfaceAsType ,A3AccessModifiersMatched A3ConfigurationProvided A3NoCheckstyleWarnings ClientFacebookMapReducePartialReduce ClientFacebookMapReduceQuit ClientSumPartialReduce ClientSumPartitionReduce ClientSumQuit ClientTokenCountPartialReduce ClientTokenCountPartition3Reduce ClientTokenCountQuit DistributedFacebookMapReducePartialReduce DistributedFacebookMapReduceQuit DistributedFacebookMapReduceResult DistributedSumPartialReduce DistributedSumQuit DistributedSumResult DistributedTokenCountPartialReduce DistributedTokenCountQuit DistributedTokenCountResult , ,18,0,true,ClientTokenCountPartialReduce ClientTokenCountQuit DistributedTokenCountPartialReduce DistributedTokenCountQuit DistributedTokenCountResult ,A3ConfigurationProvided , ,ClientTokenCountPartialReduce-(0.0/15.0) ClientTokenCountQuit-(0.0/15.0) DistributedTokenCountPartialReduce-(0.0/15.0) DistributedTokenCountQuit-(0.0/15.0) DistributedTokenCountResult-(0.0/15.0) , ,
75,Sat Feb 26 00:56:07 EST 2022,21,4,DistributedPartitionedReduce,A3ExpectedInterfaces A3MnemonicNames A3NamedConstants A3PublicMethodsOverride A3SpuriousCalls DistributedTokenCountResult+ ,A3ExpectedCalls A3ExpectedSignatures A3InterfaceAsType ,A3AccessModifiersMatched A3ConfigurationProvided A3NoCheckstyleWarnings ClientFacebookMapReducePartialReduce ClientFacebookMapReduceQuit ClientSumPartialReduce ClientSumPartitionReduce ClientSumQuit ClientTokenCountPartialReduce ClientTokenCountPartition3Reduce ClientTokenCountQuit DistributedFacebookMapReducePartialReduce DistributedFacebookMapReduceQuit DistributedFacebookMapReduceResult DistributedSumPartialReduce DistributedSumQuit DistributedSumResult DistributedTokenCountPartialReduce DistributedTokenCountQuit , ,19,0,true,ClientSumPartitionReduce ClientTokenCountPartition3Reduce ,A3ConfigurationProvided DistributedSumResult DistributedTokenCountResult , ,ClientSumPartitionReduce-(0.0/10.0) ClientTokenCountPartition3Reduce-(0.0/30.0) , ,
76,Sat Feb 26 00:56:12 EST 2022,21,0,BasicDistributedCounts,A3ExpectedInterfaces A3MnemonicNames A3NamedConstants A3PublicMethodsOverride A3SpuriousCalls DistributedTokenCountResult ,A3ExpectedCalls A3ExpectedSignatures A3InterfaceAsType ,A3AccessModifiersMatched A3ConfigurationProvided A3NoCheckstyleWarnings ClientFacebookMapReducePartialReduce ClientFacebookMapReduceQuit ClientSumPartialReduce ClientSumPartitionReduce ClientSumQuit ClientTokenCountPartialReduce ClientTokenCountPartition3Reduce ClientTokenCountQuit DistributedFacebookMapReducePartialReduce DistributedFacebookMapReduceQuit DistributedFacebookMapReduceResult DistributedSumPartialReduce DistributedSumQuit DistributedSumResult DistributedTokenCountPartialReduce DistributedTokenCountQuit , ,19,1,true,ClientTokenCountPartialReduce ClientTokenCountQuit DistributedTokenCountPartialReduce DistributedTokenCountQuit DistributedTokenCountResult , , ,ClientTokenCountPartialReduce-(0.0/15.0) ClientTokenCountQuit-(0.0/15.0) DistributedTokenCountPartialReduce-(0.0/15.0) DistributedTokenCountQuit-(0.0/15.0) DistributedTokenCountResult-(15.0/15.0) , ,
77,Sat Feb 26 00:56:17 EST 2022,21,0,DistributedTokenCountPartialReduce,A3ExpectedInterfaces A3MnemonicNames A3NamedConstants A3PublicMethodsOverride A3SpuriousCalls DistributedTokenCountResult ,A3ExpectedCalls A3ExpectedSignatures A3InterfaceAsType ,A3AccessModifiersMatched A3ConfigurationProvided A3NoCheckstyleWarnings ClientFacebookMapReducePartialReduce ClientFacebookMapReduceQuit ClientSumPartialReduce ClientSumPartitionReduce ClientSumQuit ClientTokenCountPartialReduce ClientTokenCountPartition3Reduce ClientTokenCountQuit DistributedFacebookMapReducePartialReduce DistributedFacebookMapReduceQuit DistributedFacebookMapReduceResult DistributedSumPartialReduce DistributedSumQuit DistributedSumResult DistributedTokenCountPartialReduce DistributedTokenCountQuit , ,19,2,false, , , ,DistributedTokenCountPartialReduce-(0.0/15.0) , ,
78,Sat Feb 26 00:56:29 EST 2022,21,0,ClientTokenCountPartition3Reduce,A3ExpectedInterfaces A3MnemonicNames A3NamedConstants A3PublicMethodsOverride A3SpuriousCalls DistributedTokenCountResult ,A3ExpectedCalls A3ExpectedSignatures A3InterfaceAsType ,A3AccessModifiersMatched A3ConfigurationProvided A3NoCheckstyleWarnings ClientFacebookMapReducePartialReduce ClientFacebookMapReduceQuit ClientSumPartialReduce ClientSumPartitionReduce ClientSumQuit ClientTokenCountPartialReduce ClientTokenCountPartition3Reduce ClientTokenCountQuit DistributedFacebookMapReducePartialReduce DistributedFacebookMapReduceQuit DistributedFacebookMapReduceResult DistributedSumPartialReduce DistributedSumQuit DistributedSumResult DistributedTokenCountPartialReduce DistributedTokenCountQuit , ,19,3,false, , , ,ClientTokenCountPartition3Reduce-(0.0/30.0) , ,
79,Sat Feb 26 00:56:35 EST 2022,21,0,ClientSumPartitionReduce,A3ExpectedInterfaces A3MnemonicNames A3NamedConstants A3PublicMethodsOverride A3SpuriousCalls DistributedTokenCountResult ,A3ExpectedCalls A3ExpectedSignatures A3InterfaceAsType ,A3AccessModifiersMatched A3ConfigurationProvided A3NoCheckstyleWarnings ClientFacebookMapReducePartialReduce ClientFacebookMapReduceQuit ClientSumPartialReduce ClientSumPartitionReduce ClientSumQuit ClientTokenCountPartialReduce ClientTokenCountPartition3Reduce ClientTokenCountQuit DistributedFacebookMapReducePartialReduce DistributedFacebookMapReduceQuit DistributedFacebookMapReduceResult DistributedSumPartialReduce DistributedSumQuit DistributedSumResult DistributedTokenCountPartialReduce DistributedTokenCountQuit , ,19,4,false, , , ,ClientSumPartitionReduce-(0.0/10.0) , ,
80,Sat Feb 26 00:56:54 EST 2022,21,0,ClientTokenCountPartialReduce,A3ExpectedInterfaces A3MnemonicNames A3NamedConstants A3PublicMethodsOverride A3SpuriousCalls DistributedTokenCountResult ,A3ExpectedCalls A3ExpectedSignatures A3InterfaceAsType ,A3AccessModifiersMatched A3ConfigurationProvided A3NoCheckstyleWarnings ClientFacebookMapReducePartialReduce ClientFacebookMapReduceQuit ClientSumPartialReduce ClientSumPartitionReduce ClientSumQuit ClientTokenCountPartialReduce ClientTokenCountPartition3Reduce ClientTokenCountQuit DistributedFacebookMapReducePartialReduce DistributedFacebookMapReduceQuit DistributedFacebookMapReduceResult DistributedSumPartialReduce DistributedSumQuit DistributedSumResult DistributedTokenCountPartialReduce DistributedTokenCountQuit , ,19,5,false, , , ,ClientTokenCountPartialReduce-(0.0/15.0) , ,
81,Sat Feb 26 00:57:03 EST 2022,21,0,ClientTokenCountQuit,A3ExpectedInterfaces A3MnemonicNames A3NamedConstants A3PublicMethodsOverride A3SpuriousCalls DistributedTokenCountResult ,A3ExpectedCalls A3ExpectedSignatures A3InterfaceAsType ,A3AccessModifiersMatched A3ConfigurationProvided A3NoCheckstyleWarnings ClientFacebookMapReducePartialReduce ClientFacebookMapReduceQuit ClientSumPartialReduce ClientSumPartitionReduce ClientSumQuit ClientTokenCountPartialReduce ClientTokenCountPartition3Reduce ClientTokenCountQuit DistributedFacebookMapReducePartialReduce DistributedFacebookMapReduceQuit DistributedFacebookMapReduceResult DistributedSumPartialReduce DistributedSumQuit DistributedSumResult DistributedTokenCountPartialReduce DistributedTokenCountQuit , ,19,6,false, , , ,ClientTokenCountQuit-(0.0/15.0) , ,
82,Sat Feb 26 01:09:39 EST 2022,21,0,BasicDistributedCounts,A3ExpectedInterfaces A3MnemonicNames A3NamedConstants A3PublicMethodsOverride A3SpuriousCalls DistributedTokenCountResult ,A3ExpectedCalls A3ExpectedSignatures A3InterfaceAsType ,A3AccessModifiersMatched A3ConfigurationProvided A3NoCheckstyleWarnings ClientFacebookMapReducePartialReduce ClientFacebookMapReduceQuit ClientSumPartialReduce ClientSumPartitionReduce ClientSumQuit ClientTokenCountPartialReduce ClientTokenCountPartition3Reduce ClientTokenCountQuit DistributedFacebookMapReducePartialReduce DistributedFacebookMapReduceQuit DistributedFacebookMapReduceResult DistributedSumPartialReduce DistributedSumQuit DistributedSumResult DistributedTokenCountPartialReduce DistributedTokenCountQuit , ,20,0,true,ClientTokenCountPartialReduce ClientTokenCountQuit DistributedTokenCountPartialReduce DistributedTokenCountQuit DistributedTokenCountResult ,A3ConfigurationProvided , ,ClientTokenCountPartialReduce-(0.0/15.0) ClientTokenCountQuit-(0.0/15.0) DistributedTokenCountPartialReduce-(0.0/15.0) DistributedTokenCountQuit-(0.0/15.0) DistributedTokenCountResult-(15.0/15.0) , ,
83,Sat Feb 26 01:09:46 EST 2022,21,0,DistributedTokenCountPartialReduce,A3ExpectedInterfaces A3MnemonicNames A3NamedConstants A3PublicMethodsOverride A3SpuriousCalls DistributedTokenCountResult ,A3ExpectedCalls A3ExpectedSignatures A3InterfaceAsType ,A3AccessModifiersMatched A3ConfigurationProvided A3NoCheckstyleWarnings ClientFacebookMapReducePartialReduce ClientFacebookMapReduceQuit ClientSumPartialReduce ClientSumPartitionReduce ClientSumQuit ClientTokenCountPartialReduce ClientTokenCountPartition3Reduce ClientTokenCountQuit DistributedFacebookMapReducePartialReduce DistributedFacebookMapReduceQuit DistributedFacebookMapReduceResult DistributedSumPartialReduce DistributedSumQuit DistributedSumResult DistributedTokenCountPartialReduce DistributedTokenCountQuit , ,20,1,false, , , ,DistributedTokenCountPartialReduce-(0.0/15.0) , ,
84,Sat Feb 26 01:18:09 EST 2022,21,0,BasicDistributedCounts,A3ExpectedInterfaces A3MnemonicNames A3NamedConstants A3PublicMethodsOverride A3SpuriousCalls DistributedTokenCountResult ,A3ExpectedCalls A3ExpectedSignatures A3InterfaceAsType ,A3AccessModifiersMatched A3ConfigurationProvided A3NoCheckstyleWarnings ClientFacebookMapReducePartialReduce ClientFacebookMapReduceQuit ClientSumPartialReduce ClientSumPartitionReduce ClientSumQuit ClientTokenCountPartialReduce ClientTokenCountPartition3Reduce ClientTokenCountQuit DistributedFacebookMapReducePartialReduce DistributedFacebookMapReduceQuit DistributedFacebookMapReduceResult DistributedSumPartialReduce DistributedSumQuit DistributedSumResult DistributedTokenCountPartialReduce DistributedTokenCountQuit , ,21,0,true,ClientTokenCountPartialReduce ClientTokenCountQuit DistributedTokenCountPartialReduce DistributedTokenCountQuit DistributedTokenCountResult ,A3ConfigurationProvided , ,ClientTokenCountPartialReduce-(0.0/15.0) ClientTokenCountQuit-(0.0/15.0) DistributedTokenCountPartialReduce-(0.0/15.0) DistributedTokenCountQuit-(0.0/15.0) DistributedTokenCountResult-(15.0/15.0) , ,
85,Sat Feb 26 01:26:14 EST 2022,17,-4,BasicDistributedCounts,A3ExpectedInterfaces A3MnemonicNames A3NamedConstants A3PublicMethodsOverride A3SpuriousCalls ,A3ExpectedCalls A3ExpectedSignatures A3InterfaceAsType ,A3AccessModifiersMatched A3ConfigurationProvided A3NoCheckstyleWarnings ClientFacebookMapReducePartialReduce ClientFacebookMapReduceQuit ClientSumPartialReduce ClientSumPartitionReduce ClientSumQuit ClientTokenCountPartialReduce ClientTokenCountPartition3Reduce ClientTokenCountQuit DistributedFacebookMapReducePartialReduce DistributedFacebookMapReduceQuit DistributedFacebookMapReduceResult DistributedSumPartialReduce DistributedSumQuit DistributedSumResult DistributedTokenCountPartialReduce DistributedTokenCountQuit DistributedTokenCountResult- , ,22,0,true,ClientTokenCountPartialReduce ClientTokenCountQuit DistributedTokenCountPartialReduce DistributedTokenCountQuit DistributedTokenCountResult ,A3ConfigurationProvided , ,ClientTokenCountPartialReduce-(0.0/15.0) ClientTokenCountQuit-(0.0/15.0) DistributedTokenCountPartialReduce-(0.0/15.0) DistributedTokenCountQuit-(0.0/15.0) DistributedTokenCountResult-(0.0/15.0) , ,
86,Sat Feb 26 01:29:15 EST 2022,17,0,BasicDistributedCounts,A3ExpectedInterfaces A3MnemonicNames A3NamedConstants A3PublicMethodsOverride A3SpuriousCalls ,A3ExpectedCalls A3ExpectedSignatures A3InterfaceAsType ,A3AccessModifiersMatched A3ConfigurationProvided A3NoCheckstyleWarnings ClientFacebookMapReducePartialReduce ClientFacebookMapReduceQuit ClientSumPartialReduce ClientSumPartitionReduce ClientSumQuit ClientTokenCountPartialReduce ClientTokenCountPartition3Reduce ClientTokenCountQuit DistributedFacebookMapReducePartialReduce DistributedFacebookMapReduceQuit DistributedFacebookMapReduceResult DistributedSumPartialReduce DistributedSumQuit DistributedSumResult DistributedTokenCountPartialReduce DistributedTokenCountQuit DistributedTokenCountResult , ,23,0,true,ClientTokenCountPartialReduce ClientTokenCountQuit DistributedTokenCountPartialReduce DistributedTokenCountQuit DistributedTokenCountResult ,A3ConfigurationProvided , ,ClientTokenCountPartialReduce-(0.0/15.0) ClientTokenCountQuit-(0.0/15.0) DistributedTokenCountPartialReduce-(0.0/15.0) DistributedTokenCountQuit-(0.0/15.0) DistributedTokenCountResult-(0.0/15.0) , ,
87,Sat Feb 26 01:33:06 EST 2022,21,4,BasicDistributedCounts,A3ExpectedInterfaces A3MnemonicNames A3NamedConstants A3PublicMethodsOverride A3SpuriousCalls DistributedTokenCountResult+ ,A3ExpectedCalls A3ExpectedSignatures A3InterfaceAsType ,A3AccessModifiersMatched A3ConfigurationProvided A3NoCheckstyleWarnings ClientFacebookMapReducePartialReduce ClientFacebookMapReduceQuit ClientSumPartialReduce ClientSumPartitionReduce ClientSumQuit ClientTokenCountPartialReduce ClientTokenCountPartition3Reduce ClientTokenCountQuit DistributedFacebookMapReducePartialReduce DistributedFacebookMapReduceQuit DistributedFacebookMapReduceResult DistributedSumPartialReduce DistributedSumQuit DistributedSumResult DistributedTokenCountPartialReduce DistributedTokenCountQuit , ,24,0,true,ClientTokenCountPartialReduce ClientTokenCountQuit DistributedTokenCountPartialReduce DistributedTokenCountQuit DistributedTokenCountResult ,A3ConfigurationProvided , ,ClientTokenCountPartialReduce-(0.0/15.0) ClientTokenCountQuit-(0.0/15.0) DistributedTokenCountPartialReduce-(0.0/15.0) DistributedTokenCountQuit-(0.0/15.0) DistributedTokenCountResult-(15.0/15.0) , ,
88,Sat Feb 26 01:33:26 EST 2022,21,0,DistributedTokenCountPartialReduce,A3ExpectedInterfaces A3MnemonicNames A3NamedConstants A3PublicMethodsOverride A3SpuriousCalls DistributedTokenCountResult ,A3ExpectedCalls A3ExpectedSignatures A3InterfaceAsType ,A3AccessModifiersMatched A3ConfigurationProvided A3NoCheckstyleWarnings ClientFacebookMapReducePartialReduce ClientFacebookMapReduceQuit ClientSumPartialReduce ClientSumPartitionReduce ClientSumQuit ClientTokenCountPartialReduce ClientTokenCountPartition3Reduce ClientTokenCountQuit DistributedFacebookMapReducePartialReduce DistributedFacebookMapReduceQuit DistributedFacebookMapReduceResult DistributedSumPartialReduce DistributedSumQuit DistributedSumResult DistributedTokenCountPartialReduce DistributedTokenCountQuit , ,24,1,false, , , ,DistributedTokenCountPartialReduce-(0.0/15.0) , ,
89,Sat Feb 26 02:11:35 EST 2022,35,14,BasicDistributedCounts,A3ExpectedInterfaces A3MnemonicNames A3NamedConstants A3PublicMethodsOverride A3SpuriousCalls ClientTokenCountPartialReduce+ ClientTokenCountQuit+ DistributedTokenCountPartialReduce+ DistributedTokenCountQuit+ DistributedTokenCountResult ,A3ExpectedCalls A3ExpectedSignatures A3InterfaceAsType ,A3AccessModifiersMatched A3ConfigurationProvided A3NoCheckstyleWarnings ClientFacebookMapReducePartialReduce ClientFacebookMapReduceQuit ClientSumPartialReduce ClientSumPartitionReduce ClientSumQuit ClientTokenCountPartition3Reduce DistributedFacebookMapReducePartialReduce DistributedFacebookMapReduceQuit DistributedFacebookMapReduceResult DistributedSumPartialReduce DistributedSumQuit DistributedSumResult , ,25,0,true,ClientTokenCountPartialReduce ClientTokenCountQuit DistributedTokenCountPartialReduce DistributedTokenCountQuit DistributedTokenCountResult ,A3ConfigurationProvided , ,ClientTokenCountPartialReduce-(15.0/15.0) ClientTokenCountQuit-(15.0/15.0) DistributedTokenCountPartialReduce-(15.0/15.0) DistributedTokenCountQuit-(15.0/15.0) DistributedTokenCountResult-(15.0/15.0) , ,
90,Sat Feb 26 02:11:43 EST 2022,39,4,DistributedPartitionedReduce,A3ExpectedInterfaces A3MnemonicNames A3NamedConstants A3PublicMethodsOverride A3SpuriousCalls ClientTokenCountPartialReduce ClientTokenCountPartition3Reduce+ ClientTokenCountQuit DistributedTokenCountPartialReduce DistributedTokenCountQuit DistributedTokenCountResult ,A3ExpectedCalls A3ExpectedSignatures A3InterfaceAsType ,A3AccessModifiersMatched A3ConfigurationProvided A3NoCheckstyleWarnings ClientFacebookMapReducePartialReduce ClientFacebookMapReduceQuit ClientSumPartialReduce ClientSumPartitionReduce ClientSumQuit DistributedFacebookMapReducePartialReduce DistributedFacebookMapReduceQuit DistributedFacebookMapReduceResult DistributedSumPartialReduce DistributedSumQuit DistributedSumResult , ,25,1,true,ClientSumPartitionReduce ClientTokenCountPartition3Reduce ,DistributedSumResult , ,ClientSumPartitionReduce-(0.0/10.0) ClientTokenCountPartition3Reduce-(30.0/30.0) , ,
91,Sat Feb 26 02:11:48 EST 2022,39,0,ClientSumPartitionReduce,A3ExpectedInterfaces A3MnemonicNames A3NamedConstants A3PublicMethodsOverride A3SpuriousCalls ClientTokenCountPartialReduce ClientTokenCountPartition3Reduce ClientTokenCountQuit DistributedTokenCountPartialReduce DistributedTokenCountQuit DistributedTokenCountResult ,A3ExpectedCalls A3ExpectedSignatures A3InterfaceAsType ,A3AccessModifiersMatched A3ConfigurationProvided A3NoCheckstyleWarnings ClientFacebookMapReducePartialReduce ClientFacebookMapReduceQuit ClientSumPartialReduce ClientSumPartitionReduce ClientSumQuit DistributedFacebookMapReducePartialReduce DistributedFacebookMapReduceQuit DistributedFacebookMapReduceResult DistributedSumPartialReduce DistributedSumQuit DistributedSumResult , ,25,2,false, , , ,ClientSumPartitionReduce-(0.0/10.0) , ,
92,Sat Feb 26 02:12:46 EST 2022,39,0,ClientSumPartitionReduce,A3ExpectedInterfaces A3MnemonicNames A3NamedConstants A3PublicMethodsOverride A3SpuriousCalls ClientTokenCountPartialReduce ClientTokenCountPartition3Reduce ClientTokenCountQuit DistributedTokenCountPartialReduce DistributedTokenCountQuit DistributedTokenCountResult ,A3ExpectedCalls A3ExpectedSignatures A3InterfaceAsType ,A3AccessModifiersMatched A3ConfigurationProvided A3NoCheckstyleWarnings ClientFacebookMapReducePartialReduce ClientFacebookMapReduceQuit ClientSumPartialReduce ClientSumPartitionReduce ClientSumQuit DistributedFacebookMapReducePartialReduce DistributedFacebookMapReduceQuit DistributedFacebookMapReduceResult DistributedSumPartialReduce DistributedSumQuit DistributedSumResult , ,25,3,false, , , ,ClientSumPartitionReduce-(0.0/10.0) , ,
93,Sat Feb 26 02:12:48 EST 2022,39,0,DistributedPartitionedReduce,A3ExpectedInterfaces A3MnemonicNames A3NamedConstants A3PublicMethodsOverride A3SpuriousCalls ClientTokenCountPartialReduce ClientTokenCountPartition3Reduce ClientTokenCountQuit DistributedTokenCountPartialReduce DistributedTokenCountQuit DistributedTokenCountResult ,A3ExpectedCalls A3ExpectedSignatures A3InterfaceAsType ,A3AccessModifiersMatched A3ConfigurationProvided A3NoCheckstyleWarnings ClientFacebookMapReducePartialReduce ClientFacebookMapReduceQuit ClientSumPartialReduce ClientSumPartitionReduce ClientSumQuit DistributedFacebookMapReducePartialReduce DistributedFacebookMapReduceQuit DistributedFacebookMapReduceResult DistributedSumPartialReduce DistributedSumQuit DistributedSumResult , ,25,4,true,ClientSumPartitionReduce ClientTokenCountPartition3Reduce , , ,ClientSumPartitionReduce-(0.0/10.0) ClientTokenCountPartition3Reduce-(30.0/30.0) , ,
94,Sat Feb 26 02:12:56 EST 2022,35,-4,A3GeneralStyleSuite,A3ExpectedInterfaces A3MnemonicNames A3NamedConstants A3SpuriousCalls ClientTokenCountPartialReduce ClientTokenCountPartition3Reduce ClientTokenCountQuit DistributedTokenCountPartialReduce DistributedTokenCountQuit DistributedTokenCountResult ,A3ExpectedCalls A3ExpectedSignatures A3InterfaceAsType A3PublicMethodsOverride- ,A3AccessModifiersMatched A3ConfigurationProvided A3NoCheckstyleWarnings ClientFacebookMapReducePartialReduce ClientFacebookMapReduceQuit ClientSumPartialReduce ClientSumPartitionReduce ClientSumQuit DistributedFacebookMapReducePartialReduce DistributedFacebookMapReduceQuit DistributedFacebookMapReduceResult DistributedSumPartialReduce DistributedSumQuit DistributedSumResult , ,25,5,true,A3AccessModifiersMatched A3InterfaceAsType A3MnemonicNames A3NamedConstants A3NoCheckstyleWarnings A3PublicMethodsOverride , ,A3AccessModifiersMatched A3MnemonicNames A3NoCheckstyleWarnings A3PublicMethodsOverride ,A3AccessModifiersMatched-(0.0/5.0) A3InterfaceAsType-(9.8/10.0) A3MnemonicNames-(15.0/15.0) A3NamedConstants-(1.0/1.0) A3NoCheckstyleWarnings-(0.0/20.0) A3PublicMethodsOverride-(9.3/10.0) , ,
95,Sat Feb 26 02:13:03 EST 2022,35,0,A3SpecificStyleSuite,A3ExpectedInterfaces A3MnemonicNames A3NamedConstants A3SpuriousCalls ClientTokenCountPartialReduce ClientTokenCountPartition3Reduce ClientTokenCountQuit DistributedTokenCountPartialReduce DistributedTokenCountQuit DistributedTokenCountResult ,A3ExpectedCalls A3ExpectedSignatures A3InterfaceAsType A3PublicMethodsOverride ,A3AccessModifiersMatched A3ConfigurationProvided A3NoCheckstyleWarnings ClientFacebookMapReducePartialReduce ClientFacebookMapReduceQuit ClientSumPartialReduce ClientSumPartitionReduce ClientSumQuit DistributedFacebookMapReducePartialReduce DistributedFacebookMapReduceQuit DistributedFacebookMapReduceResult DistributedSumPartialReduce DistributedSumQuit DistributedSumResult , ,25,6,true,A3ExpectedCalls A3ExpectedInterfaces A3ExpectedSignatures A3SpuriousCalls , , ,A3ExpectedCalls-(18.4/20.0) A3ExpectedInterfaces-(5.0/5.0) A3ExpectedSignatures-(4.0/5.0) A3SpuriousCalls-(20.0/20.0) , ,
96,Sat Feb 26 02:13:06 EST 2022,35,0,A3GeneralStyleSuite,A3ExpectedInterfaces A3MnemonicNames A3NamedConstants A3SpuriousCalls ClientTokenCountPartialReduce ClientTokenCountPartition3Reduce ClientTokenCountQuit DistributedTokenCountPartialReduce DistributedTokenCountQuit DistributedTokenCountResult ,A3ExpectedCalls A3ExpectedSignatures A3InterfaceAsType A3PublicMethodsOverride ,A3AccessModifiersMatched A3ConfigurationProvided A3NoCheckstyleWarnings ClientFacebookMapReducePartialReduce ClientFacebookMapReduceQuit ClientSumPartialReduce ClientSumPartitionReduce ClientSumQuit DistributedFacebookMapReducePartialReduce DistributedFacebookMapReduceQuit DistributedFacebookMapReduceResult DistributedSumPartialReduce DistributedSumQuit DistributedSumResult , ,25,7,true,A3AccessModifiersMatched A3InterfaceAsType A3MnemonicNames A3NamedConstants A3NoCheckstyleWarnings A3PublicMethodsOverride , ,A3AccessModifiersMatched A3MnemonicNames A3NoCheckstyleWarnings A3PublicMethodsOverride ,A3AccessModifiersMatched-(0.0/5.0) A3InterfaceAsType-(9.8/10.0) A3MnemonicNames-(15.0/15.0) A3NamedConstants-(1.0/1.0) A3NoCheckstyleWarnings-(0.0/20.0) A3PublicMethodsOverride-(9.3/10.0) , ,
